#Feature ID	taxonomy	Confidence
6283a62727375a316d0e4945e22d78f3	d__Bacteria; p__Actinobacteriota; c__Actinobacteria; o__Corynebacteriales; f__Dietziaceae; g__Dietzia	0.9999798362257896
8a2afb197f2a489a0a8d9d91981db452	d__Bacteria; p__Firmicutes; c__Bacilli; o__Bacillales; f__Bacillaceae; g__Bacillus	0.9996617597931288
fe6966e5918d216b33f42308caff2504	d__Bacteria; p__Actinobacteriota; c__Actinobacteria; o__Pseudonocardiales; f__Pseudonocardiaceae; g__Saccharopolyspora	0.9992926389842159
5e718c0074b23d84bbd15b32b6234426	d__Bacteria; p__Proteobacteria; c__Gammaproteobacteria; o__Pseudomonadales; f__Halomonadaceae; g__Halomonas	0.9998219128311707
f2f98336336d629580b38dfed6123a44	d__Bacteria; p__Proteobacteria; c__Alphaproteobacteria; o__Rhizobiales; f__Rhizobiaceae; g__Allorhizobium-Neorhizobium-Pararhizobium-Rhizobium	0.9968440477864271
2343a425a19789940262e38a0fe699db	d__Bacteria; p__Actinobacteriota; c__Actinobacteria; o__Micrococcales; f__Micrococcaceae; g__Kocuria	0.9515702663899592
6a6e92fd2cc4e19135139785f9e7406a	d__Bacteria; p__Proteobacteria; c__Gammaproteobacteria; o__Salinisphaerales; f__Salinisphaeraceae; g__Salinisphaera; s__Salinisphaera_sp.	0.9353196466778313
f1a5e3443df627fe2dcbf395c9b812c8	d__Bacteria; p__Actinobacteriota; c__Actinobacteria; o__Corynebacteriales; f__Dietziaceae; g__Dietzia; s__Dietzia_cinnamea	0.7145042968993573
41586ccbe73f92a9e5c3f0bc6826ba9d	d__Bacteria; p__Actinobacteriota; c__Actinobacteria; o__Corynebacteriales; f__Mycobacteriaceae; g__Mycobacterium	0.9999246616801741
5d3e64413ead37da32a9200cb5411b6a	d__Bacteria; p__Actinobacteriota; c__Actinobacteria; o__Micrococcales; f__Brevibacteriaceae; g__Brevibacterium	0.9999999717488449
e3d5a743382966d43f8375fd4343d8cc	d__Bacteria; p__Actinobacteriota; c__Actinobacteria; o__Micrococcales; f__Brevibacteriaceae; g__Brevibacterium	0.9999999793706095
50eac56dea6fabc1495a8fd00d4b1d34	d__Bacteria; p__Proteobacteria; c__Alphaproteobacteria; o__Rhodobacterales; f__Rhodobacteraceae; g__Paracoccus	0.991873217498927
540f862a52d9e3a1016d13573de9967c	d__Bacteria; p__Proteobacteria; c__Alphaproteobacteria; o__Sphingomonadales; f__Sphingomonadaceae; g__Erythrobacter	0.8031229474510077
2cb1918baf2a37dc2b695c30a0200611	d__Bacteria; p__Actinobacteriota; c__Actinobacteria; o__Propionibacteriales; f__Nocardioidaceae; g__Nocardioides; s__Nocardioides_marinus	0.736644485952509
bffdd890bffc69fc0c2a950a35be0f56	d__Bacteria; p__Actinobacteriota; c__Actinobacteria; o__Corynebacteriales; f__Dietziaceae; g__Dietzia	0.9988349402359286
6f9b1500c990f8c818f7909ccd1cde1f	d__Bacteria; p__Actinobacteriota; c__Actinobacteria; o__Corynebacteriales; f__Dietziaceae; g__Dietzia	0.9995411004519222
c1239af07b2b7cccc696095d746124ef	d__Bacteria; p__Proteobacteria; c__Gammaproteobacteria; o__Pseudomonadales; f__Halomonadaceae; g__Halomonas	0.9998032506834506
d9d195843fa58120773fa27ebb07887d	d__Bacteria; p__Proteobacteria; c__Alphaproteobacteria; o__Caulobacterales; f__Caulobacteraceae; g__Brevundimonas	0.9924846055124629
559802c3a2695259e7c5439442a58f6d	d__Bacteria; p__Actinobacteriota; c__Actinobacteria; o__Micrococcales; f__Micrococcaceae; g__Arthrobacter	0.7699746346897022
0fb54544c836046daab5e583b496e572	d__Bacteria; p__Proteobacteria; c__Alphaproteobacteria; o__Caulobacterales; f__Hyphomonadaceae; g__Henriciella	0.9993427983144267
838ae6ec41c4c4ae77553f659cc6a3a5	d__Bacteria; p__Actinobacteriota; c__Actinobacteria; o__Propionibacteriales; f__Nocardioidaceae; g__Aeromicrobium	0.9989287348355598
fff2a58175f4c0ed1a6c80953172d537	d__Bacteria; p__Firmicutes; c__Bacilli; o__Bacillales; f__Bacillaceae; g__Bacillus	0.9993446417524644
c6ddfa1426f8fc5b20c9819bbaa3998b	d__Bacteria; p__Firmicutes; c__Bacilli; o__Bacillales; f__Bacillaceae; g__Bacillus; s__Bacillus_horikoshii	0.9501746833625102
8f390a20e42b495b8258ab15e7c7ce86	d__Bacteria; p__Actinobacteriota; c__Actinobacteria; o__Micrococcales; f__Intrasporangiaceae	0.9976108081154295
c3725ea671ddb73ad38b5aa4b9e3132d	d__Bacteria; p__Proteobacteria; c__Alphaproteobacteria; o__Caulobacterales; f__Hyphomonadaceae; g__Maricaulis	0.9999979467133209
a303df0c3d46bd68561a540da7a6e8a7	d__Bacteria; p__Actinobacteriota; c__Actinobacteria; o__Propionibacteriales; f__Nocardioidaceae; g__Nocardioides; s__Nocardioides_exalbidus	0.75710972505688
fe4577de1ee1f8bca056daea8b1d90e5	d__Bacteria; p__Actinobacteriota; c__Actinobacteria; o__Micrococcales; f__Micrococcaceae; g__Kocuria	0.9871405981769669
20f50fb3bbefca3eef77b0431aea1977	d__Bacteria; p__Actinobacteriota; c__Actinobacteria; o__Micrococcales; f__Microbacteriaceae; g__Microbacterium	0.9789812939495316
d1c36e3ee00e5f7ce91892b3a41dac61	d__Bacteria; p__Actinobacteriota; c__Actinobacteria; o__Corynebacteriales; f__Dietziaceae; g__Dietzia	0.999801060157134
7cb56113ccf34889373f5a3f62d944e4	d__Bacteria; p__Actinobacteriota; c__Actinobacteria; o__Micrococcales; f__Intrasporangiaceae; g__Ornithinimicrobium	0.9983901863312847
7e76f4e26fedf7ae998854beefb59f78	d__Bacteria; p__Firmicutes; c__Bacilli; o__Bacillales; f__Bacillaceae; g__Bacillus	0.9998322582840564
bdda0aef8eacc073b99a86b223f4a4d2	d__Bacteria; p__Firmicutes; c__Bacilli; o__Exiguobacterales; f__Exiguobacteraceae; g__Exiguobacterium	0.9999993844290552
5d11e3213ff58e9350bd5eb88df67a3b	d__Bacteria; p__Proteobacteria; c__Gammaproteobacteria; o__Pseudomonadales; f__Alcanivoracaceae1; g__Alcanivorax	0.9999996934518471
3dbbaf4cbfec00352ed91f0d44d7f34a	d__Bacteria; p__Firmicutes; c__Bacilli; o__Bacillales; f__Bacillaceae; g__Bacillus	0.999521900418784
8c879df9d0162115ebbff207ce39ade1	d__Bacteria; p__Firmicutes; c__Bacilli; o__Bacillales; f__Bacillaceae; g__Fictibacillus	0.9999229488509047
2910305a36e52364dc82fff53e16529a	d__Bacteria; p__Firmicutes; c__Bacilli; o__Bacillales; f__Bacillaceae; g__Bacillus	0.9983987060270161
b988a7611ee4a1f4a36fb32fa1ab02dd	d__Bacteria; p__Actinobacteriota; c__Actinobacteria; o__Micrococcales; f__Micrococcaceae; g__Kocuria	0.9830406399221179
51ea58284420ab3ca892da438245445b	d__Bacteria; p__Firmicutes; c__Bacilli; o__Bacillales; f__Bacillaceae; g__Bacillus	0.9947521209754921
e04b49d9d5f7df61f2d258b753f002c6	d__Bacteria; p__Firmicutes; c__Bacilli; o__Bacillales; f__Bacillaceae; g__Terribacillus	0.9995123307940886
45f4508ec9f2b9372f59cc4d6f54f134	d__Bacteria; p__Actinobacteriota; c__Actinobacteria; o__Streptomycetales; f__Streptomycetaceae; g__Streptomyces	0.9984052632753952
f186a1c10e3c7a20e4d8f2ca31673121	d__Bacteria; p__Proteobacteria; c__Alphaproteobacteria; o__Sphingomonadales; f__Sphingomonadaceae; g__Erythrobacter	0.8278942272797848
ad3988166751e2c7bcd97c8571b322ba	d__Bacteria; p__Actinobacteriota; c__Actinobacteria; o__Pseudonocardiales; f__Pseudonocardiaceae; g__Saccharopolyspora; s__Saccharopolyspora_sp.	0.7700881086018397
74382506785f8c8c2fe7267daf708c1c	d__Bacteria; p__Proteobacteria; c__Alphaproteobacteria; o__Caulobacterales; f__Caulobacteraceae; g__Brevundimonas	0.9991797342375396
4f752150c1f333cac7dc94a551426e2d	d__Bacteria; p__Actinobacteriota; c__Actinobacteria; o__Micrococcales; f__Microbacteriaceae; g__Agromyces	0.9999650886585627
0fbbe4a89e6528412de12e28eb578aeb	d__Bacteria; p__Proteobacteria; c__Alphaproteobacteria; o__Parvibaculales; f__Parvibaculaceae; g__Parvibaculum	0.9994002102965417
04d5911aea3926755144274b068f6768	d__Bacteria; p__Firmicutes; c__Bacilli; o__Bacillales; f__Planococcaceae; g__Sporosarcina	0.9512336780745944
53b1d1c59a006cd4c3a44c6dbfbd83e3	d__Bacteria; p__Firmicutes; c__Bacilli; o__Bacillales; f__Bacillaceae; g__Bacillus	0.9997306819493106
cef8a9a339238c70ce8fc670257e72de	d__Bacteria; p__Actinobacteriota; c__Actinobacteria; o__Streptomycetales; f__Streptomycetaceae; g__Streptomyces	0.9966446470047566
2bd8c88c2ec1a6f6eb8b4669d7aea459	d__Bacteria; p__Firmicutes; c__Bacilli; o__Bacillales; f__Bacillaceae; g__Bacillus	0.9984826387774622
073a1090ae8b5f1e8a678f7f0824538f	d__Bacteria; p__Firmicutes; c__Bacilli; o__Bacillales; f__Bacillaceae; g__Bacillus	0.9988156818023278
01f112560d14f06aa4083bdd9d10110d	d__Bacteria; p__Firmicutes; c__Bacilli; o__Bacillales; f__Bacillaceae; g__Bacillus	0.9992306372434255
bd4bedb8899b9eb1b181b9337b60c09b	d__Bacteria; p__Actinobacteriota; c__Actinobacteria; o__Corynebacteriales; f__Mycobacteriaceae; g__Mycobacterium	0.9998513980706819
81903935f8b96a7906f912d9e206684a	d__Bacteria; p__Firmicutes; c__Bacilli; o__Bacillales; f__Bacillaceae; g__Bacillus	0.9999432179527553
42ea193d4e4f589fafabf9bff63e401e	d__Bacteria; p__Firmicutes; c__Bacilli; o__Bacillales; f__Bacillaceae; g__Bacillus	0.9998212693731486
60646ff4bbef4968615bcfc6843dd907	d__Bacteria; p__Firmicutes; c__Bacilli; o__Bacillales; f__Bacillaceae; g__Bacillus	0.9966816738937121
a8a0025432aadd26346cfd0a9bc04b45	d__Bacteria; p__Firmicutes; c__Bacilli; o__Bacillales; f__Bacillaceae; g__Terribacillus	0.9992416782562059
efcd273d1d98c0279d1f21462e55a2aa	d__Bacteria; p__Firmicutes; c__Bacilli; o__Exiguobacterales; f__Exiguobacteraceae; g__Exiguobacterium	0.9999985102183994
f4cc57affa00e485f35f6cccd5452742	d__Bacteria; p__Firmicutes; c__Bacilli; o__Bacillales; f__Bacillaceae; g__Terribacillus	0.9992307968615232
2e493b5ce9e45349cb3e865ff922693b	d__Bacteria; p__Actinobacteriota; c__Actinobacteria; o__Micrococcales; f__Microbacteriaceae; g__Microbacterium; s__Microbacterium_aquimaris	0.8615351188737561
fb7f14a3e8819a6b6e06ad2afabacf72	d__Bacteria; p__Firmicutes; c__Bacilli; o__Bacillales; f__Bacillaceae; g__Terribacillus	0.9989502189143666
26e5357097ca81d91d3ac939aeba086f	d__Bacteria; p__Firmicutes; c__Bacilli; o__Bacillales; f__Bacillaceae; g__Bacillus; s__Bacillus_infantis	0.925348833453978
913861e8ed5a038b761880617c7839c9	d__Bacteria; p__Actinobacteriota; c__Actinobacteria; o__Propionibacteriales; f__Nocardioidaceae; g__Nocardioides	0.9976908123987062
03008b5335446c225884160deb8ccb16	d__Bacteria; p__Actinobacteriota; c__Actinobacteria; o__Micrococcales; f__Intrasporangiaceae; g__Ornithinimicrobium	0.8848189460905157
16f4dddb0abb4eaca16639ef669cfb8c	d__Bacteria; p__Firmicutes; c__Bacilli; o__Bacillales; f__Bacillaceae; g__Bacillus	0.9932724330466454
70f911f995a4f135b9e8e324f8062ff3	d__Bacteria; p__Firmicutes; c__Bacilli; o__Bacillales; f__Bacillaceae; g__Bacillus	0.9997593746911914
520dc2366da20abc38afa6e4a3f2f30c	d__Bacteria; p__Firmicutes; c__Bacilli; o__Bacillales; f__Bacillaceae; g__Bacillus	0.9928359502102811
f1d0ba23415f1e8e9a98bd4f2f47ef17	d__Bacteria; p__Firmicutes; c__Bacilli; o__Bacillales; f__Planococcaceae; g__Paenisporosarcina	0.780052385537687
beef9d6e17e89a60adccdb8ca315a858	d__Bacteria; p__Patescibacteria; c__Saccharimonadia; o__Saccharimonadales; f__Saccharimonadaceae; g__TM7a; s__uncultured_bacterium	0.8155991850079134
b99b1e0a31111045ef0330025d26e5a5	d__Bacteria; p__Proteobacteria; c__Alphaproteobacteria; o__Sphingomonadales; f__Sphingomonadaceae; g__Croceicoccus	0.973822519747249
d1b844e8a61799d9a9fdbe6c095666a1	d__Bacteria; p__Firmicutes; c__Bacilli; o__Bacillales; f__Bacillaceae; g__Bacillus; s__Bacillus_sinesaloumensis	0.7380048033126679
ce2efd34ef80f39b116a64a69026b272	d__Bacteria; p__Firmicutes; c__Bacilli; o__Bacillales; f__Bacillaceae; g__Bacillus	0.9728263819001876
c43909cd2acec018d51d58e528a5d6ff	d__Bacteria; p__Bacteroidota; c__Bacteroidia; o__Flavobacteriales; f__Flavobacteriaceae; g__Gramella	0.9999995956341036
8a892b5911a3a098b28bd54375e29d9f	d__Bacteria; p__Firmicutes; c__Bacilli; o__Bacillales; f__Bacillaceae; g__Bacillus	0.9998270453480933
dc50079946ec73daa0256d106aa153cc	d__Bacteria; p__Actinobacteriota; c__Actinobacteria; o__Micrococcales; f__Cellulomonadaceae	0.9615746869715767
f746101b5d762fb0d3ddfabab5caaf0e	d__Bacteria; p__Firmicutes; c__Bacilli; o__Bacillales; f__Bacillaceae; g__Bacillus	0.9995677972939214
0ce9fb29797009bfce05d48aad6ee6e5	d__Bacteria; p__Firmicutes; c__Bacilli; o__Bacillales; f__Bacillaceae; g__Bacillus	0.9996648153560495
bbf58c985dd522ddc6e586c10fd001cf	d__Bacteria; p__Actinobacteriota; c__Actinobacteria; o__Micrococcales; f__Demequinaceae; g__Demequina; s__Demequina_globuliformis	0.8787831167268471
641ba73ff1cc1027c9f98454dd01f89c	d__Bacteria; p__Actinobacteriota; c__Actinobacteria; o__Propionibacteriales; f__Nocardioidaceae; g__Nocardioides	0.9998127740467333
b8a7fbb15934217212897c9f6210c1f3	d__Bacteria; p__Firmicutes; c__Bacilli; o__Bacillales; f__Bacillaceae; g__Fictibacillus	0.9989975927819433
8e3d1e1d5d9479a517afa599781b7440	d__Bacteria; p__Bacteroidota; c__Bacteroidia; o__Flavobacteriales; f__Flavobacteriaceae; g__Gramella	0.9999978958004713
4b0e114983801d3e11a7bb793288545b	d__Bacteria; p__Firmicutes; c__Bacilli; o__Bacillales; f__Bacillaceae; g__Bacillus	0.9994307009178438
ddc897579a5ec77f80c2847a1fde32cc	d__Bacteria; p__Proteobacteria; c__Alphaproteobacteria; o__Rhizobiales; f__Rhizobiaceae; g__Allorhizobium-Neorhizobium-Pararhizobium-Rhizobium; s__[Pseudomonas]_geniculata	0.7641335270512626
7922d45b3723731995c9e0193718304a	d__Bacteria; p__Firmicutes; c__Bacilli; o__Bacillales; f__Bacillaceae; g__Bacillus	0.9972370345571684
444a8ea18ac74cf441e0a3d4afe027da	d__Bacteria; p__Firmicutes; c__Bacilli; o__Bacillales; f__Bacillaceae; g__Bacillus	0.9997824930325601
a637d9ccaa46abe3eeadc7a67caaa45d	d__Bacteria; p__Proteobacteria; c__Alphaproteobacteria; o__Sphingomonadales; f__Sphingomonadaceae; g__Sphingomonas	0.9993306738715438
eb1edbc1bb28fc6529dd53ef349c58b7	d__Bacteria; p__Actinobacteriota; c__Actinobacteria; o__Pseudonocardiales; f__Pseudonocardiaceae; g__Actinomycetospora; s__Actinomycetospora_sp.	0.8313172618312884
8c03d1e1f5d36760b09bba68f972c152	d__Bacteria; p__Firmicutes; c__Bacilli; o__Bacillales; f__Bacillaceae; g__Bacillus	0.9992728250497642
02dac746dfd03909b2f0d310d899882d	d__Bacteria; p__Firmicutes; c__Bacilli; o__Bacillales; f__Bacillaceae; g__Bacillus	0.9997651407852894
79af7ead2b636f96e49958f756ba2676	d__Bacteria; p__Proteobacteria; c__Gammaproteobacteria; o__Salinisphaerales; f__Salinisphaeraceae; g__Salinisphaera; s__Salinisphaera_sp.	0.918470115611075
fecd2c327985b86ea791c2eb0f45322f	d__Bacteria; p__Firmicutes; c__Bacilli; o__Bacillales; f__Bacillaceae; g__Bacillus	0.9997488548162532
4bf01d84fdc680a352cb88049b0a3d59	d__Bacteria; p__Proteobacteria; c__Gammaproteobacteria; o__Burkholderiales; f__Comamonadaceae; g__Pelomonas	0.8644904137137572
34c7e38f7be8aa9793e36aba4feae6e9	d__Bacteria; p__Actinobacteriota; c__Actinobacteria; o__Pseudonocardiales; f__Pseudonocardiaceae; g__Saccharopolyspora	0.998663342584821
15f4761764f3c2741ccf3ce032e28322	d__Bacteria; p__Actinobacteriota; c__Actinobacteria; o__Micrococcales; f__Bogoriellaceae; g__Georgenia	0.9898150717197198
c8d31e023eb410fb34932d95c60c29e4	d__Bacteria; p__Proteobacteria; c__Gammaproteobacteria; o__Burkholderiales; f__Burkholderiaceae; g__Ralstonia	0.9999942985846673
6374e362c4611ae707d4b784c42af666	d__Bacteria; p__Firmicutes; c__Bacilli; o__Bacillales; f__Bacillaceae; g__Bacillus	0.9923202085795407
dc5478c2c5cc3abd657710cf2fc0c0b1	d__Archaea; p__Halobacterota; c__Methanosarcinia; o__Methanosarciniales; f__ANME-2c; g__ANME-2c; s__uncultured_Methanosarcinales	0.7978124236443126
762ca09f348bb25bed45b3aacefec203	d__Bacteria; p__Actinobacteriota; c__Actinobacteria; o__Pseudonocardiales; f__Pseudonocardiaceae; g__Actinomycetospora; s__Actinomycetospora_sp.	0.7499730904347855
4c7177b5096d7adda6e67e5e583ae42a	d__Bacteria; p__Actinobacteriota; c__Actinobacteria; o__Micrococcales; f__Micrococcaceae; g__Arthrobacter	0.8332427977252472
727bacd4b8b6376309b660200daf3f80	d__Bacteria; p__Firmicutes; c__Bacilli; o__Bacillales; f__Bacillaceae; g__Bacillus; s__Bacillus_indicus	0.8690542206740725
4f15a20085b8a3ac9d7cf7188d9392a6	d__Bacteria; p__Proteobacteria; c__Gammaproteobacteria; o__Pseudomonadales; f__Halomonadaceae; g__Halomonas	0.9997972135071608
ceb4d7e802028ad8f00abc59d66cc358	d__Bacteria; p__Actinobacteriota; c__Actinobacteria; o__Micrococcales; f__Brevibacteriaceae; g__Brevibacterium	0.9999999705419246
54d34eb83343a14660adce071a84943a	d__Bacteria; p__Proteobacteria; c__Alphaproteobacteria; o__Rhodobacterales; f__Rhodobacteraceae; g__Paracoccus	0.9920888873078755
366eb464c94ea3c1501b04ab26e32d61	d__Bacteria; p__Proteobacteria; c__Alphaproteobacteria; o__Rhodobacterales; f__Rhodobacteraceae; g__Paracoccus	0.9918781439378141
02e060e5bbf9b8f450c81aef6eebe59c	d__Bacteria; p__Actinobacteriota; c__Actinobacteria; o__Propionibacteriales; f__Nocardioidaceae; g__Nocardioides; s__Nocardioides_exalbidus	0.7611153077031565
2e556cb84ce5ae3f9da8e1cdc43a8694	d__Bacteria; p__Firmicutes; c__Bacilli; o__Bacillales; f__Bacillaceae; g__Bacillus	0.9995395507453999
4c349bb632cc80778d8a2d5fd292ddc5	d__Bacteria; p__Firmicutes; c__Bacilli; o__Bacillales; f__Bacillaceae; g__Bacillus	0.9952507516655308
8003ea0f1014a63bd235329375189a66	d__Bacteria; p__Proteobacteria; c__Gammaproteobacteria; o__Pseudomonadales; f__Halomonadaceae; g__Halomonas	0.9997249611770548
d58c275ef14c08ff2e06cb799204e757	d__Bacteria; p__Proteobacteria; c__Alphaproteobacteria; o__Caulobacterales; f__Caulobacteraceae	0.9999999615382765
cbde31bca5dd7ba9aad53fda2b87abf8	d__Bacteria; p__Actinobacteriota; c__Actinobacteria; o__Streptomycetales; f__Streptomycetaceae; g__Streptomyces	0.9155147772856687
b761fd8dde6725de27bbf1f4fc8a2045	d__Bacteria; p__Actinobacteriota; c__Actinobacteria; o__Corynebacteriales; f__Nocardiaceae; g__Gordonia	0.9695905196551692
2860f1d19858e863ac31e39e002a596b	d__Bacteria; p__Actinobacteriota; c__Actinobacteria; o__Frankiales; f__Geodermatophilaceae; g__Blastococcus	0.9509598738398312
3161fe48f5aaffadf901a481ee26c610	d__Bacteria; p__Caldatribacteriota; c__JS1; o__JS1; f__JS1; g__JS1; s__uncultured_bacterium	0.7450901608375486
f2cbd50dba87bb8076b4b44ec8380a47	d__Bacteria; p__Proteobacteria; c__Alphaproteobacteria; o__Rhizobiales; f__Rhizobiaceae; g__Allorhizobium-Neorhizobium-Pararhizobium-Rhizobium; s__[Pseudomonas]_geniculata	0.719584373911805
fa5aa40582d1cabb3597eee99dbde825	d__Bacteria; p__Proteobacteria; c__Gammaproteobacteria; o__Enterobacterales; f__Idiomarinaceae; g__Idiomarina; s__Pseudidiomarina_marina	0.9510169832015226
60c8dcf3be391f57e0d5df5dd8bde939	d__Bacteria; p__Firmicutes; c__Bacilli; o__Bacillales; f__Bacillaceae	0.8947774705653666
eb4537336575bab9cae2b9beb61233d3	d__Bacteria; p__Firmicutes; c__Bacilli; o__Bacillales; f__Bacillaceae; g__Terribacillus	0.9995239220369331
590ad5e53e7b085a9f882ca9f937840b	d__Bacteria; p__Firmicutes; c__Bacilli; o__Bacillales; f__Bacillaceae; g__Bacillus	0.9972279962518982
692bbee49a04fa6f5285c6c8055f2079	d__Bacteria; p__Proteobacteria; c__Gammaproteobacteria; o__Burkholderiales; f__Comamonadaceae; g__Delftia	0.9916351006774369
66082108842624b83aa3bfbb19c34147	d__Bacteria; p__Actinobacteriota; c__Actinobacteria; o__Pseudonocardiales; f__Pseudonocardiaceae; g__Saccharopolyspora; s__Saccharopolyspora_sp.	0.7705457558349998
cdb25dfc9cdcff98d78cd5e43afe78e6	d__Bacteria; p__Proteobacteria; c__Alphaproteobacteria; o__Rhizobiales; f__Rhizobiaceae; g__Allorhizobium-Neorhizobium-Pararhizobium-Rhizobium; s__[Pseudomonas]_geniculata	0.7072699854436781
4266a4d07ae0e6437a5aa495b783511c	d__Bacteria; p__Actinobacteriota; c__Actinobacteria; o__Propionibacteriales; f__Nocardioidaceae	0.9999924566903917
c82b43dfa782929f3020e3194497ab70	d__Bacteria; p__Firmicutes; c__Bacilli; o__Bacillales; f__Bacillaceae; g__Bacillus	0.9871960406191428
4ed1b9cc97df2c6b557a0c84fad9c7dc	d__Bacteria; p__Proteobacteria; c__Gammaproteobacteria; o__Enterobacterales; f__Colwelliaceae; g__Colwellia	0.9999552176549572
5b158d193b1d46ed2ca6785712503611	d__Bacteria; p__Firmicutes; c__Bacilli; o__Exiguobacterales; f__Exiguobacteraceae; g__Exiguobacterium	0.9999993547342814
e3a4b2021d98932222a418f2e4620268	d__Archaea; p__Halobacterota; c__Methanosarcinia; o__Methanosarciniales; f__Methanosarcinaceae; g__Methanococcoides; s__uncultured_Methanococcoides	0.9386168793750083
ec84ebceb6bfe1756188270936ed55f9	d__Bacteria; p__Firmicutes; c__Bacilli; o__Bacillales; f__Bacillaceae; g__Bacillus	0.9995520681648637
4b1dd8e476f4b6a359502ec933987de9	d__Bacteria; p__Proteobacteria; c__Gammaproteobacteria; o__Enterobacterales; f__Pseudoalteromonadaceae; g__Pseudoalteromonas	0.9998318717966279
b3069dda6af97fce7dd4ad3be0380a83	d__Bacteria; p__Caldatribacteriota; c__JS1; o__JS1; f__JS1; g__JS1	0.999999999866924
3b7845082ca76f6856aa17cf5f27cab3	d__Bacteria; p__Actinobacteriota; c__Actinobacteria; o__Frankiales; f__Geodermatophilaceae; g__Blastococcus	0.9012480673152394
647dd85e0d9ba8e0e0fe429451908a6a	d__Bacteria; p__Firmicutes; c__Bacilli; o__Bacillales; f__Bacillaceae; g__Bacillus	0.9996589703254909
12be7e8326265f72620c706dcbc31e9c	d__Bacteria; p__Actinobacteriota; c__Actinobacteria; o__Propionibacteriales; f__Nocardioidaceae; g__Nocardioides	0.9999315556179509
aa0755cbf542e0c84a085fb6779c4836	d__Bacteria; p__SAR324_clade(Marine_group_B); c__SAR324_clade(Marine_group_B); o__SAR324_clade(Marine_group_B); f__SAR324_clade(Marine_group_B); g__SAR324_clade(Marine_group_B); s__hydrothermal_vent	0.7282898193588633
c9d3c118cc767eebdd52203e388ad3a8	d__Bacteria; p__Actinobacteriota; c__Actinobacteria; o__Micrococcales; f__Microbacteriaceae; g__Microbacterium	0.9838748383365975
5f0a4d8a9e87c05403a180708ddb94a4	d__Bacteria; p__Proteobacteria; c__Gammaproteobacteria; o__Pseudomonadales; f__Halomonadaceae; g__Halomonas	0.9936303264203715
171118566214711ea19b7708be370f74	d__Bacteria; p__Caldatribacteriota; c__JS1; o__JS1; f__JS1; g__JS1; s__uncultured_bacterium	0.84365488324912
3f78cdba3a07e4add2135221f8a61f0a	d__Bacteria; p__Desulfobacterota; c__Dissulfuribacteria; o__Dissulfuribacterales; f__Dissulfuribacteraceae; g__SEEP-SRB2	0.7184422645660016
1c09230a31a0e0d88e00d39bbe47c3ad	d__Bacteria; p__Chloroflexi; c__Dehalococcoidia; o__FW22; f__FW22; g__FW22; s__uncultured_bacterium	0.961278458144959
9c18025637431cd352fe3d76c731999a	d__Bacteria; p__Chloroflexi; c__Dehalococcoidia; o__S085; f__S085; g__S085; s__uncultured_bacterium	0.8765306093056255
b768f7f8436f7f3a245004718918d965	d__Bacteria; p__Proteobacteria; c__Gammaproteobacteria; o__Burkholderiales; f__Burkholderiaceae; g__Ralstonia; s__Ralstonia_mannitolilytica	0.7970856812641074
867d69340f71300f52c1c387242422db	d__Bacteria; p__Caldatribacteriota; c__JS1; o__JS1; f__JS1; g__JS1; s__uncultured_bacterium	0.8663805655581623
3d5a7a6370b5c837a62d0bf799bf50b8	d__Bacteria; p__Caldatribacteriota; c__JS1; o__JS1; f__JS1; g__JS1	0.9999999996781924
27b9dac56c241288cd76f5ad613f3b4c	d__Bacteria; p__Desulfobacterota; c__Desulfobacteria; o__Desulfobacterales; f__Desulfosarcinaceae; g__SEEP-SRB1	0.8812300050523107
cf0230362b06f7a150e73d292dd4fe9e	d__Bacteria; p__Actinobacteriota; c__Actinobacteria; o__Corynebacteriales; f__Dietziaceae; g__Dietzia	0.999028656056089
aeb273ddb5acbef72d48ddce104cacf7	d__Bacteria; p__Actinobacteriota; c__Actinobacteria; o__Corynebacteriales; f__Nocardiaceae; g__Gordonia	0.9835245294455325
af9cac6e7cb3ca73f26ae505034a1a6f	d__Bacteria; p__Firmicutes; c__Bacilli; o__Bacillales; f__Bacillaceae; g__Bacillus	0.9957063791755097
a5c32950118c8155a86981bdc7c2c122	d__Bacteria; p__Proteobacteria; c__Gammaproteobacteria; o__Burkholderiales; f__Comamonadaceae; g__Delftia	0.9716889633180973
fa33e4e996256beaaab65e09f8eb7c8a	d__Bacteria; p__Actinobacteriota; c__Acidimicrobiia; o__Actinomarinales; f__Actinomarinaceae; g__Candidatus_Actinomarina	0.9999999998390785
e4c9d6023c4f5da7c1986640f83cb53c	d__Bacteria; p__Proteobacteria; c__Gammaproteobacteria; o__Pseudomonadales; f__Halomonadaceae; g__Halomonas	0.9941458959371579
26cded71984b68f81674a0b5696c4892	d__Bacteria; p__Acidobacteriota; c__Aminicenantia; o__Aminicenantales; f__Aminicenantales; g__Aminicenantales; s__uncultured_bacterium	0.9437984783458513
f4ccf826ca062f2967d248f4c8847eb3	d__Bacteria; p__Chloroflexi; c__Anaerolineae; o__Anaerolineales; f__Anaerolineaceae; g__uncultured; s__uncultured_organism	0.987360963834743
3be6460cd98d3657b31dae845d992ac2	d__Bacteria; p__Caldatribacteriota; c__JS1; o__JS1; f__JS1; g__JS1; s__uncultured_bacterium	0.8612736007677636
109a29cbd4ced39091f91fb472673a9c	d__Bacteria; p__Firmicutes; c__Bacilli; o__Bacillales; f__Bacillaceae; g__Bacillus	0.9885838169632782
018524b1f615693d37ba237401d5d202	d__Bacteria; p__Chloroflexi; c__Dehalococcoidia; o__GIF3; f__GIF3; g__GIF3; s__uncultured_bacterium	0.9958371916342744
cf47e0f4b668f417d206c66c7a056282	d__Bacteria; p__Proteobacteria; c__Gammaproteobacteria; o__Pseudomonadales; f__Alcanivoracaceae1; g__Alcanivorax	0.9999994351595286
0a9c46bf408c79d7f76f70f34f684ecb	d__Bacteria; p__Proteobacteria; c__Gammaproteobacteria; o__Pseudomonadales; f__Marinobacteraceae; g__Marinobacter	0.9999790769900256
6a2b9c3e493fed47fc3c8a69cb32e46b	d__Bacteria; p__Firmicutes; c__Bacilli; o__Bacillales; f__Bacillaceae; g__Bacillus	0.9996366371626589
6978cdc319ef436ffbacb9ee83fe8db2	d__Bacteria; p__Firmicutes; c__Bacilli; o__Bacillales; f__Bacillaceae; g__Bacillus	0.995967703375539
dc368bfacc4af150b7d2bfaed97174d6	d__Archaea; p__Halobacterota; c__Methanosarcinia; o__Methanosarciniales; f__Methanosarcinaceae; g__ANME-3; s__uncultured_Methanosarcinales	0.7662481033117299
3659c91a0774ee109bd8e81e42b121b1	d__Bacteria; p__Actinobacteriota; c__Actinobacteria; o__Corynebacteriales; f__Dietziaceae; g__Dietzia	0.9948142624345531
371aa5fa5a724824aabf5b2a22e3a3ec	d__Bacteria; p__Cyanobacteria; c__Cyanobacteriia; o__Synechococcales; f__Cyanobiaceae; g__Prochlorococcus_MIT9313	0.9955638975009896
b4a78ba96f41e35d4ed63c601eaceebd	d__Bacteria; p__Proteobacteria; c__Gammaproteobacteria; o__Enterobacterales; f__Colwelliaceae; g__Colwellia	0.9998869065415109
d2917377ac6b3bf740029e6a81e3232c	d__Bacteria; p__Campylobacterota; c__Campylobacteria; o__Campylobacterales; f__Arcobacteraceae	0.9999939671998691
150054be60997a819a11af5e5b42fa1c	d__Bacteria; p__Caldatribacteriota; c__JS1; o__JS1; f__JS1; g__JS1; s__uncultured_bacterium	0.799445893492533
aee86993c05bde84282e5eb4127594a0	d__Bacteria; p__Desulfobacterota; c__Desulfobacteria; o__Desulfobacterales; f__Desulfosarcinaceae	0.937411755525655
40bb5118fcd44785268d4a50bb71b5ad	d__Bacteria; p__Actinobacteriota; c__Actinobacteria; o__Corynebacteriales; f__Dietziaceae; g__Dietzia	0.8849814505796716
956741684619538190f7a428aff8b1ad	d__Bacteria; p__Actinobacteriota; c__Actinobacteria; o__Corynebacteriales; f__Dietziaceae; g__Dietzia	0.9948024849983046
09685185d1a8d7a031541b00bc93e7d1	d__Archaea; p__Halobacterota; c__Methanosarcinia; o__Methanosarciniales; f__ANME-2a-2b; g__ANME-2a-2b	0.9988930102952708
a965d70506baa6f849c0b2be51f3e85b	d__Bacteria; p__Desulfobacterota; c__Dissulfuribacteria; o__Dissulfuribacterales; f__Dissulfuribacteraceae	0.999817712917638
94b501dd841e98d10b9be59edaae0443	d__Bacteria; p__Firmicutes; c__Bacilli; o__Bacillales; f__Bacillaceae; g__Bacillus	0.9894711265617975
afb37496ccc7e48941b5ad0f27483cd8	d__Bacteria; p__Proteobacteria; c__Gammaproteobacteria; o__Pseudomonadales; f__Halomonadaceae; g__Halomonas	0.9847643689342142
f6d8367751f85a702bb1e496e71ee4af	d__Bacteria; p__Chloroflexi; c__Anaerolineae; o__SBR1031; f__SBR1031; g__SBR1031; s__uncultured_organism	0.8188682220310232
be1ae3bb21277d7641672ffc08129b12	d__Bacteria; p__Firmicutes; c__Clostridia; o__Clostridiales; f__Clostridiaceae; g__Proteiniclasticum	0.9701437585698528
6b35dc9ed8001e6e5f2bbc1dcce4b5a4	d__Bacteria; p__Proteobacteria; c__Gammaproteobacteria; o__Pseudomonadales; f__Alcanivoracaceae1; g__Alcanivorax	0.9999996574467288
59de1ead208698e70d82b557b55afe09	d__Archaea; p__Thermoplasmatota; c__Thermoplasmata; o__Marine_Group_II; f__Marine_Group_II; g__Marine_Group_II	0.9999999999565521
d0b6b8a0dccba8b08a9a25fae8f0391a	d__Archaea; p__Crenarchaeota; c__Nitrososphaeria; o__Nitrosopumilales; f__Nitrosopumilaceae; g__Candidatus_Nitrosopumilus	0.9982337695061986
8502291ce2ef5debbafb9ca577549b85	d__Bacteria; p__Proteobacteria; c__Gammaproteobacteria; o__Pseudomonadales; f__Saccharospirillaceae; g__Oceanobacter; s__uncultured_gamma	0.7102695360830218
aa6a65ca3784ef6dd441d4b314211ae3	d__Bacteria; p__Firmicutes; c__Bacilli; o__Bacillales; f__Bacillaceae; g__Bacillus	0.9975118603115831
0c4f3b9897993b64ba92f5b380674367	d__Bacteria; p__Chloroflexi; c__Anaerolineae; o__SBR1031; f__SBR1031; g__SBR1031; s__uncultured_organism	0.8519109363517716
87f075379704abb6e27937990d91cad3	d__Bacteria; p__Actinobacteriota; c__Actinobacteria; o__Propionibacteriales; f__Nocardioidaceae; g__Nocardioides; s__Nocardioides_oleivorans	0.7128179050978861
064d778fdfdb45219223ab5b53f20956	d__Bacteria; p__Actinobacteriota; c__Actinobacteria; o__Pseudonocardiales; f__Pseudonocardiaceae; g__Saccharopolyspora	0.9960935608230425
a40fbe73c6e1a8bcf94eb99582937674	d__Bacteria; p__Desulfobacterota; c__Desulfobacteria; o__Desulfobacterales; f__Desulfosarcinaceae; g__SEEP-SRB1	0.9323822643999778
c4253ed4ddf4bada1312701c192ee151	d__Archaea; p__Halobacterota; c__ANME-1; o__ANME-1b; f__ANME-1b; g__ANME-1b; s__uncultured_archaeon	0.7434779464935674
c94ae0d7daeb7d79f8cfa089e6794bee	d__Bacteria; p__Proteobacteria; c__Alphaproteobacteria; o__Rhizobiales; f__Rhizobiaceae; g__Nitratireductor	0.9130757832834289
b9d671c7ec12a58d216e8bc2a56f0cc0	d__Archaea; p__Asgardarchaeota; c__Lokiarchaeia; o__Lokiarchaeia; f__Lokiarchaeia; g__Lokiarchaeia	0.9999999998467151
5bdbb0017f830d159635701f776149b8	d__Bacteria; p__Proteobacteria; c__Gammaproteobacteria; o__Enterobacterales; f__Alteromonadaceae; g__Alteromonas	0.9323279067988994
87dcb91079596ef503f1479ce017692c	d__Bacteria; p__Proteobacteria; c__Alphaproteobacteria; o__Sneathiellales; f__Sneathiellaceae; g__Sneathiella; s__uncultured_bacterium	0.8081501062424097
1e7c94adc79a4ad3f532e6372b1eea14	d__Bacteria; p__Proteobacteria; c__Gammaproteobacteria; o__Pseudomonadales; f__Halomonadaceae; g__Halomonas	0.9999583261517556
39317fb91be8e7552311c5a6f1aafeef	d__Bacteria; p__Caldatribacteriota; c__JS1; o__JS1; f__JS1; g__JS1; s__uncultured_bacterium	0.822235346356977
4788d608c221fb20c39d2df22d320c54	d__Bacteria; p__Firmicutes; c__Bacilli; o__Bacillales; f__Bacillaceae	0.773437577193644
3417bcbc87902c70d4404a6902a6a159	d__Bacteria; p__Actinobacteriota; c__Actinobacteria; o__Micrococcales; f__Micrococcaceae	0.9982265107536216
4629616f201609ad8272a5ae6f9d1659	d__Bacteria; p__Caldatribacteriota; c__JS1; o__JS1; f__JS1; g__JS1; s__uncultured_bacterium	0.7185628084245269
30e7c596893d2c35c99d7652f93039e5	d__Bacteria; p__Desulfobacterota; c__Desulfuromonadia; o__Desulfuromonadales; f__Syntrophotaleaceae; g__Syntrophotalea	0.95819212513962
9e0720144d936683571353bf609d147a	d__Bacteria; p__Chloroflexi; c__Dehalococcoidia	0.999985942324964
34c3a0f294f1be022e7ecd66b53c2c37	d__Archaea; p__Nanoarchaeota; c__Nanoarchaeia; o__Woesearchaeales; f__SCGC_AAA011-D5; g__SCGC_AAA011-D5; s__uncultured_archaeon	0.9589736604835095
fce9ceeb30e2d0ab02646489d8a5c9ad	d__Archaea; p__Thermoplasmatota; c__Thermoplasmata; o__Marine_Benthic_Group_D_and_DHVEG-1; f__Marine_Benthic_Group_D_and_DHVEG-1; g__Marine_Benthic_Group_D_and_DHVEG-1; s__uncultured_archaeon	0.9792985144014547
e20445be61373d64c9624ad0bc8c4399	d__Bacteria; p__Desulfobacterota; c__Desulfobacteria; o__Desulfobacterales; f__Desulfosarcinaceae; g__SEEP-SRB1	0.9806136029800501
88fa1e2cb7663bb1fb24e8a5598d0b30	d__Bacteria; p__Proteobacteria; c__Alphaproteobacteria; o__Rhizobiales; f__Hyphomicrobiaceae; g__uncultured; s__uncultured_bacterium	0.715841347964396
29a58196d41b0ee04fb2877af57355f1	d__Bacteria; p__Actinobacteriota; c__Actinobacteria; o__Micrococcales; f__Cellulomonadaceae; g__Actinotalea	0.7054224961696647
00895784057303e774b120c610f12480	d__Bacteria; p__Firmicutes; c__Bacilli; o__Bacillales; f__Bacillaceae; g__Bacillus	0.9991970612290838
cf34eb1144c10e205f3c0d8d02f17126	d__Bacteria; p__Actinobacteriota; c__Actinobacteria; o__Micrococcales; f__Microbacteriaceae	0.9987635096730105
e11a8b9278571fab0a7d676f468a0d2d	d__Bacteria; p__Actinobacteriota; c__Actinobacteria; o__Micrococcales; f__Microbacteriaceae; g__Microbacterium	0.9548943428957668
e7178dd3e7e9dee04975803114c73c1f	d__Bacteria; p__Chloroflexi; c__Dehalococcoidia; o__Napoli-4B-65; f__Napoli-4B-65; g__Napoli-4B-65; s__uncultured_bacterium	0.936698021660038
d55a7dfb4070d0ae3bdbf12b9eae8d25	d__Bacteria; p__Desulfobacterota; c__Desulfobacteria; o__Desulfatiglandales; f__Desulfatiglandaceae; g__Desulfatiglans; s__uncultured_bacterium	0.9888860932971416
685a2c6dfe1dec130a487b69bb89d4fe	d__Bacteria; p__Actinobacteriota; c__Actinobacteria; o__Corynebacteriales; f__Dietziaceae; g__Dietzia; s__Dietzia_maris	0.7078540951762579
83e6f1978fddf3e39f16daa646cb5655	d__Bacteria; p__Actinobacteriota; c__Actinobacteria; o__Micrococcales; f__Microbacteriaceae; g__Microbacterium	0.9684713422057015
e352799c97376d79375c8f348cff9801	d__Bacteria; p__Acidobacteriota; c__Aminicenantia; o__Aminicenantales; f__Aminicenantales; g__Aminicenantales; s__uncultured_bacterium	0.9124396716057223
44cefa9a7eb1d7bb45a34d02a753fb00	d__Bacteria; p__Desulfobacterota; c__Desulfuromonadia; o__Desulfuromonadales; f__Syntrophotaleaceae; g__Syntrophotalea; s__uncultured_bacterium	0.9540656023299959
6a3755debd99ff0d51210303a5273d21	d__Bacteria; p__Proteobacteria; c__Alphaproteobacteria; o__Rhizobiales; f__Beijerinckiaceae; g__Methylobacterium-Methylorubrum	0.9999980664608552
2899cde5ce74af92e8b5c24e6ec0d45c	d__Archaea; p__Nanoarchaeota; c__Nanoarchaeia; o__Woesearchaeales; f__SCGC_AAA286-E23; g__SCGC_AAA286-E23; s__Euryarchaeota_archaeon	0.9999994002512644
6c9f60ed8b834cdfacd76e1bdbd8665e	d__Bacteria; p__Proteobacteria; c__Alphaproteobacteria; o__Rhodobacterales; f__Rhodobacteraceae; g__Sedimentitalea	0.9982025876159883
8220143a162182b9460b70376bbd06b3	d__Bacteria; p__Marinimicrobia_(SAR406_clade); c__Marinimicrobia_(SAR406_clade); o__Marinimicrobia_(SAR406_clade); f__Marinimicrobia_(SAR406_clade); g__Marinimicrobia_(SAR406_clade); s__hydrothermal_vent	0.9315456174821816
8da931290ff2b7638a8ce7d65ade093c	d__Bacteria; p__Proteobacteria; c__Gammaproteobacteria; o__Enterobacterales; f__Colwelliaceae; g__Colwellia	0.9997125234704651
2eb133c6dc1f0288bf29f26b116c330c	d__Bacteria; p__Bacteroidota; c__Bacteroidia; o__Cytophagales; f__Cyclobacteriaceae; g__Algoriphagus; s__Algoriphagus_ornithinivorans	0.9388959893688185
e47861d3cb676125a1896875125d2f88	d__Bacteria; p__Proteobacteria; c__Gammaproteobacteria; o__Pseudomonadales; f__Marinobacteraceae; g__Marinobacter	0.9999443217442524
0e3ae83ee53928d5dac764b5afed5426	d__Bacteria; p__Proteobacteria; c__Gammaproteobacteria; o__Pseudomonadales; f__Marinobacteraceae; g__Marinobacter	0.9999769707132391
fa4129c6e9417b7e09deba7436be3558	d__Bacteria; p__Chloroflexi; c__Anaerolineae	0.9951877610987238
746cff4fadaa608534869ef2bae76c60	d__Bacteria; p__Proteobacteria; c__Gammaproteobacteria; o__Pseudomonadales; f__Halomonadaceae; g__Halomonas	0.9999226027237019
015348b95f4707a9f14ebe115b423a58	d__Bacteria; p__Proteobacteria; c__Gammaproteobacteria; o__Salinisphaerales; f__Salinisphaeraceae; g__Salinisphaera; s__Salinisphaera_sp.	0.7088806205014108
018f84d3fe35b644d02a08d201b243b7	d__Archaea; p__Halobacterota; c__Methanosarcinia; o__Methanosarciniales; f__Methanosarcinaceae; g__ANME-3; s__uncultured_Methanosarcinales	0.7671752861966146
65f74c2f6bd60efcdd62bdbd73f34fb4	d__Bacteria; p__Firmicutes; c__Bacilli; o__Bacillales; f__Bacillaceae	0.9986335247097357
70fc51ca76c74014f70ded15980c63ad	d__Bacteria; p__Chloroflexi; c__Dehalococcoidia; o__Sh765B-AG-111; f__Sh765B-AG-111; g__Sh765B-AG-111; s__uncultured_bacterium	0.8337132083525726
06598afdb81b97eb9d8c20eb88458101	d__Bacteria; p__Proteobacteria; c__Alphaproteobacteria; o__Parvibaculales; f__Parvibaculaceae; g__Parvibaculum	0.9784650741759636
6f290d1354065017103774547f98b207	d__Bacteria; p__Chloroflexi; c__Anaerolineae	0.9997464505626653
a46803068f1dec2b67e274ade9797792	d__Bacteria; p__Actinobacteriota; c__Actinobacteria; o__Corynebacteriales; f__Dietziaceae; g__Dietzia	0.8451887512455052
458b25c852ac9e34a351b5f34ee2b18c	d__Bacteria; p__Firmicutes; c__Bacilli; o__Bacillales; f__Planococcaceae; g__Lysinibacillus	0.9977199971173308
4d12675bab899f69f38beac32575d40a	d__Bacteria; p__Firmicutes; c__Bacilli; o__Bacillales; f__Bacillaceae	0.8952031907216356
16d5e5de2ff0571f390e65c7f1116090	d__Bacteria; p__Chloroflexi; c__Anaerolineae; o__Anaerolineales; f__Anaerolineaceae; g__uncultured; s__uncultured_organism	0.9920429271806496
efae64b4d98f76d0068c22f1d9f4b6a8	d__Bacteria; p__Campylobacterota; c__Campylobacteria; o__Campylobacterales; f__Sulfurovaceae; g__Sulfurovum	0.9999811240497544
a44533f2b9048676fbcee084eab8cbce	d__Bacteria; p__Desulfobacterota; c__Syntrophia; o__Syntrophales; f__uncultured; g__uncultured	0.9966327345744568
708cddd3b6a303dfbf89561202e05d31	d__Bacteria; p__Chloroflexi; c__Anaerolineae; o__SBR1031; f__SBR1031; g__SBR1031	0.9844605229722311
f8b75622895e88b234e364fda0655eea	d__Bacteria; p__Proteobacteria; c__Alphaproteobacteria; o__Rhizobiales; f__Rhizobiaceae; g__Allorhizobium-Neorhizobium-Pararhizobium-Rhizobium	0.984759665361797
96dfb8a10d124e55061384b1e7b4cb61	d__Bacteria; p__Actinobacteriota; c__Actinobacteria	0.9999925744583851
e07b35d71061c38aea82cc2e0ca4a70f	d__Bacteria; p__Proteobacteria; c__Alphaproteobacteria; o__Rhizobiales; f__Rhizobiaceae; g__Allorhizobium-Neorhizobium-Pararhizobium-Rhizobium	0.9288052919060297
1573994c750209df68e95a06e8be0517	d__Archaea; p__Nanoarchaeota; c__Nanoarchaeia; o__Woesearchaeales; f__SCGC_AAA011-D5; g__SCGC_AAA011-D5	0.9991951473330862
8a763f07f0fcf510549283e8f9091d1f	d__Bacteria; p__Actinobacteriota; c__Actinobacteria; o__Micrococcales; f__Bogoriellaceae; g__Georgenia	0.9733464123445856
3196db54d489bf83f9d8180b9c86750e	d__Bacteria; p__Chloroflexi; c__Anaerolineae; o__SBR1031; f__SBR1031; g__SBR1031; s__uncultured_organism	0.8743127963112629
99d62b92fcbfd207b819ad81759564e2	d__Bacteria; p__Actinobacteriota; c__Actinobacteria; o__Frankiales; f__Geodermatophilaceae; g__Blastococcus	0.8589351627804193
f06435af56d9da2893cb18874fa7ab5e	d__Bacteria; p__Campylobacterota; c__Campylobacteria; o__Campylobacterales; f__Sulfurovaceae; g__Sulfurovum	0.9999799727026192
ffdee27b539185f96319eeb8611199b9	d__Bacteria; p__Desulfobacterota; c__Desulfobulbia; o__Desulfobulbales; f__Desulfocapsaceae; g__Desulfotalea	0.7888866059738371
f1fd755aaf10db31f3c87334c785816f	d__Bacteria; p__Chloroflexi; c__Anaerolineae; o__SBR1031; f__SBR1031; g__SBR1031; s__metagenome	0.9547220747313001
87c330d75edae75a29828ecb7311f078	d__Bacteria; p__Actinobacteriota; c__WCHB1-81; o__WCHB1-81; f__WCHB1-81; g__WCHB1-81; s__uncultured_bacterium	0.8040133863822774
20c5553770986d30686df0030438c8a9	d__Bacteria; p__Proteobacteria; c__Gammaproteobacteria; o__Pseudomonadales; f__Halomonadaceae; g__Halomonas	0.9993990234378136
2c534eaa56a6fed5f60c4fe1ab1870f1	d__Bacteria; p__Actinobacteriota; c__Actinobacteria; o__Micrococcales; f__Intrasporangiaceae; g__Ornithinimicrobium	0.9983797226703778
45f43575a19c9462be7d79297ab15b58	d__Archaea; p__Halobacterota; c__Methanosarcinia; o__Methanosarciniales; f__Methanosarcinaceae; g__ANME-3	0.9983628995290096
efca1600368cad2b257b677ebce7a5b9	d__Bacteria; p__Proteobacteria; c__Alphaproteobacteria; o__Rhodobacterales; f__Rhodobacteraceae; g__Paracoccus	0.9860462732456455
c12f79cd3226c4f6811ce4f0cd58e86f	d__Bacteria; p__Spirochaetota; c__Spirochaetia; o__Spirochaetales; f__Spirochaetaceae; g__Spirochaeta; s__uncultured_bacterium	0.814002015388058
98e14b7bf4e6ab8d207ca421d4e67802	d__Bacteria; p__Desulfobacterota; c__Desulfobacteria; o__Desulfobacterales; f__Desulfosarcinaceae; g__SEEP-SRB1	0.8961012756333516
583d4af0e7bbdfa9a82c68dab132174b	d__Bacteria; p__Proteobacteria; c__Alphaproteobacteria; o__Caulobacterales; f__Caulobacteraceae; g__Brevundimonas	0.9638579947583924
b3750f99514cfbf28bdef725844af02a	d__Bacteria; p__Desulfobacterota; c__Desulfobacteria; o__Desulfobacterales; f__Desulfosarcinaceae; g__SEEP-SRB1	0.9635600176435244
025d100419f8476129f6967c534b08ee	d__Bacteria; p__Proteobacteria; c__Alphaproteobacteria; o__SAR11_clade; f__Clade_I; g__Clade_Ia	0.8582264790495446
6d34f699bf879cb68bb70726e066d1ef	d__Bacteria; p__Chloroflexi; c__Dehalococcoidia; o__S085; f__S085; g__S085; s__uncultured_bacterium	0.8661090158878646
52ffc2fb8ffe5e4df535bb688d6ba171	d__Bacteria; p__Actinobacteriota; c__Actinobacteria; o__Micrococcales; f__Brevibacteriaceae; g__Brevibacterium	0.9999999658696145
cdf8f6af5f865f2a25d0c81479ff878d	d__Bacteria; p__Chloroflexi; c__Anaerolineae; o__Thermoflexales; f__Thermoflexaceae; g__Thermoflexus; s__uncultured_bacterium	0.9757072648541445
f9b0b4c35f73978a7b66324819faac68	d__Bacteria; p__Zixibacteria; c__Zixibacteria; o__Zixibacteria; f__Zixibacteria; g__Zixibacteria; s__uncultured_bacterium	0.9831307712031321
062720e16c26305e005e745f38f87c8d	d__Bacteria; p__Chloroflexi; c__Anaerolineae; o__Anaerolineales; f__Anaerolineaceae; g__Pelolinea; s__uncultured_bacterium	0.9266729022491762
6595cb5b89ac287b31aa4554026fdb54	d__Bacteria; p__Bacteroidota; c__Bacteroidia; o__Bacteroidales; f__SB-5; g__SB-5	0.8249026691447015
8ea605a27a1d1e32be4dede0132cfc73	d__Bacteria; p__Zixibacteria; c__Zixibacteria; o__Zixibacteria; f__Zixibacteria; g__Zixibacteria; s__uncultured_bacterium	0.9047407832910828
e2ef04b531736f6125cf97f27d1d5b4a	d__Bacteria; p__Caldatribacteriota; c__JS1; o__JS1; f__JS1; g__JS1	0.9999999994967189
712d295a3c8cf0fb025273c3397d5586	d__Bacteria; p__Proteobacteria; c__Alphaproteobacteria; o__Sphingomonadales; f__Sphingomonadaceae; g__Erythrobacter	0.9486928626152042
b8bbb1fb0760ef95932c4734ef55d709	d__Bacteria; p__Chloroflexi; c__Dehalococcoidia; o__Sh765B-AG-111; f__Sh765B-AG-111; g__Sh765B-AG-111; s__uncultured_Dehalococcoides	0.7942842808211631
d97ccad832df7525743b38208ca8d965	d__Bacteria; p__Actinobacteriota; c__Acidimicrobiia; o__Actinomarinales; f__uncultured; g__uncultured	0.9999999796086608
16c2059f877a1c1490f1ef430d625c13	d__Bacteria; p__Planctomycetota; c__vadinHA49; o__vadinHA49; f__vadinHA49; g__vadinHA49; s__uncultured_bacterium	0.7768973324928824
eb6627c5f333fb0447a83afe0464dd4f	d__Bacteria; p__Planctomycetota; c__SPG12-343-353-B69; o__SPG12-343-353-B69; f__SPG12-343-353-B69; g__SPG12-343-353-B69; s__uncultured_bacterium	0.7575407767849872
7bbb718c23b43640312b3ac35be7e5e9	d__Bacteria; p__Campylobacterota; c__Campylobacteria; o__Campylobacterales; f__Sulfurimonadaceae; g__Sulfurimonas	0.9999966238957207
e9311933d5bdbdbcdc974c58ee9bf071	d__Bacteria; p__Patescibacteria; c__Parcubacteria	0.9788585577958836
e8429481bc3bb927ca000a3ad8af76b2	d__Bacteria; p__Desulfobacterota; c__Desulfobacteria; o__Desulfobacterales; f__Desulfosarcinaceae; g__SEEP-SRB1	0.9646241713789296
44200a6a1e089d875ba2e40fb547b512	d__Bacteria; p__Acetothermia; c__Acetothermiia; o__Acetothermiia; f__Acetothermiia; g__Acetothermiia; s__uncultured_bacterium	0.9952877341422066
e4b8329e677b5e540a99a4fe69949be7	d__Bacteria; p__Proteobacteria; c__Alphaproteobacteria; o__Caulobacterales; f__Hyphomonadaceae; g__Henriciella	0.9987850325962293
984c272d00c7916f59c931453a75a0a1	d__Bacteria; p__Chloroflexi; c__Anaerolineae; o__Anaerolineales; f__Anaerolineaceae; g__uncultured	0.9643221478795843
6d73874a015e4cfe5d69d638918c30b9	d__Bacteria; p__Spirochaetota; c__Spirochaetia; o__Spirochaetales; f__Spirochaetaceae; g__uncultured	0.8479433517979797
3bd77fb777f363e1b00d3048e1eca46d	d__Bacteria; p__Desulfobacterota; c__Desulfuromonadia; o__Desulfuromonadales; f__Desulfuromonadaceae; g__Desulfuromonas; s__uncultured_delta	0.7450269897251536
fdc065f7e23bfdbddcdec0338a804352	d__Bacteria; p__Proteobacteria; c__Gammaproteobacteria; o__Pseudomonadales; f__Thioglobaceae; g__SUP05_cluster	0.9857123557010151
a38081c60d6fa8ce2b058a0a3467de1b	d__Bacteria; p__CK-2C2-2; c__CK-2C2-2; o__CK-2C2-2; f__CK-2C2-2; g__CK-2C2-2; s__uncultured_delta	0.999939427359525
9406e935df22f3d741b9b53fa1a80c23	d__Bacteria; p__Desulfobacterota; c__Desulfobacteria; o__Desulfatiglandales; f__Desulfatiglandaceae; g__Desulfatiglans; s__uncultured_bacterium	0.9875315330356806
4e6aaff558924538a86b4c46948f67bc	d__Bacteria; p__Campylobacterota; c__Campylobacteria; o__Campylobacterales; f__Sulfurovaceae; g__Sulfurovum	0.9999779863112036
e484b2211a4500070a10b010e574a978	d__Bacteria; p__Proteobacteria; c__Gammaproteobacteria; o__Enterobacterales; f__Alteromonadaceae; g__Alteromonas	0.9270464746614021
520a68b685f098d6c9e1f33b6b1a017a	d__Bacteria; p__Actinobacteriota; c__Actinobacteria; o__Corynebacteriales; f__Dietziaceae; g__Dietzia	0.9999616281450071
2905cc9b4c4c6bd15604e7881e7a681a	d__Bacteria; p__Proteobacteria; c__Gammaproteobacteria; o__Pseudomonadales; f__Pseudomonadaceae; g__Pseudomonas	0.9796094957365276
00ab183fd63d57fd48574a606f3cfae8	d__Bacteria; p__Bacteroidota; c__Bacteroidia; o__Cytophagales; f__Cyclobacteriaceae; g__Algoriphagus; s__Algoriphagus_zhangzhouensis	0.9616278800932484
6f97c09b8e4267066a25339c70370e50	d__Bacteria; p__Actinobacteriota; c__Actinobacteria; o__Micrococcales; f__Micrococcaceae; g__Kocuria	0.9617064434789799
14b47354e52c8d21c60adbf305d283e8	d__Bacteria; p__Proteobacteria; c__Gammaproteobacteria; o__Methylococcales; f__Methylomonadaceae; g__Marine_Methylotrophic_Group_2; s__marine_metagenome	0.9200074058660624
c649747d95bf9ed7a65107b0876a811d	d__Bacteria; p__Firmicutes; c__Clostridia; o__Peptostreptococcales-Tissierellales; f__Dethiosulfatibacteraceae; g__Dethiosulfatibacter	0.9999081311301398
d287e3a204a466f02d474ae29c6e85c5	d__Bacteria; p__TA06; c__TA06; o__TA06; f__TA06; g__TA06; s__uncultured_bacterium	0.9714544500977033
185518262349e77895b66824ca8077fb	d__Bacteria; p__Desulfobacterota; c__Desulfobacteria; o__Desulfobacterales; f__Desulfosarcinaceae; g__SEEP-SRB1	0.9953327557326159
580a8255214c0ee59dad15cac1da3f87	d__Bacteria; p__Actinobacteriota; c__Actinobacteria; o__Propionibacteriales; f__Nocardioidaceae; g__Aeromicrobium	0.9883006925658591
f7590044965445f7f4268981d99daaab	d__Bacteria; p__Actinobacteriota; c__Actinobacteria; o__Propionibacteriales; f__Nocardioidaceae; g__Nocardioides	0.9982542919564094
247f25b6b4b64ab5e13e33a6efead9e1	d__Bacteria; p__Proteobacteria; c__Gammaproteobacteria; o__Pseudomonadales; f__Pseudomonadaceae; g__Pseudomonas	0.9992230742767041
61844b05d5729eba450fb364a89d5bb0	d__Bacteria; p__Firmicutes; c__Bacilli; o__Izemoplasmatales; f__Izemoplasmatales; g__Izemoplasmatales; s__uncultured_bacterium	0.9998502802783583
be49fb9ab1901c05255b89991430392a	d__Bacteria; p__Desulfobacterota; c__Dissulfuribacteria; o__Dissulfuribacterales; f__Dissulfuribacteraceae; g__SEEP-SRB2	0.7353878903181273
3bbae422d7fafcb07ea8e3f6897c1d9e	d__Archaea; p__Halobacterota; c__Methanosarcinia; o__Methanosarciniales; f__ANME-2a-2b; g__ANME-2a-2b	0.9989996332848754
14fc6c5480b475542630ab010fd46492	d__Bacteria; p__Proteobacteria; c__Alphaproteobacteria; o__Caulobacterales; f__Caulobacteraceae; g__Brevundimonas	0.9989287241347695
82644fa640bec2e0594e68c6e11ca211	d__Bacteria; p__Actinobacteriota; c__Actinobacteria; o__Micrococcales; f__Micrococcaceae	0.9916783061560274
c3b6bd27b3edfd33984513a7519e768e	d__Bacteria; p__Proteobacteria; c__Alphaproteobacteria; o__Rhizobiales; f__Rhizobiaceae; g__Allorhizobium-Neorhizobium-Pararhizobium-Rhizobium	0.9848429945940684
8277052f002b205bd11a53a926a951f8	d__Bacteria; p__Patescibacteria; c__Microgenomatia; o__Candidatus_Woesebacteria; f__Candidatus_Woesebacteria; g__Candidatus_Woesebacteria; s__uncultured_bacterium	0.969284310636098
74bace20f0de3718d58e387339deac46	d__Bacteria; p__Proteobacteria; c__Alphaproteobacteria; o__Rhizobiales; f__Rhizobiaceae; g__Allorhizobium-Neorhizobium-Pararhizobium-Rhizobium	0.9869745875396658
6edfb6a6103db4137f42ef3648d83031	d__Bacteria; p__Proteobacteria; c__Alphaproteobacteria; o__Rhizobiales; f__Rhizobiaceae; g__Allorhizobium-Neorhizobium-Pararhizobium-Rhizobium	0.9061055033066298
c10108995a28827422841b5fcb8085c7	d__Bacteria; p__Bacteroidota; c__Bacteroidia; o__Bacteroidales; f__Bacteroidetes_BD2-2; g__Bacteroidetes_BD2-2	0.8363963820405872
b474461963d75a41c334363cd62a731a	d__Bacteria	0.9996034005108836
de5a39bfc76387d3154bedf4b7df2be5	d__Bacteria; p__Planctomycetota; c__Phycisphaerae; o__Phycisphaerales; f__AKAU3564_sediment_group; g__AKAU3564_sediment_group; s__uncultured_organism	0.7729099833960429
083a0a655743dcb2082bcedf0376a05d	d__Bacteria; p__Patescibacteria; c__ABY1; o__Candidatus_Uhrbacteria; f__Candidatus_Uhrbacteria; g__Candidatus_Uhrbacteria	0.9625818534902937
2bc01041a5e115055ceed8a0ade62c95	d__Archaea; p__Crenarchaeota; c__Bathyarchaeia; o__Bathyarchaeia; f__Bathyarchaeia; g__Bathyarchaeia	0.999999993227565
229d1fd78f6905163c2f7ddf8045de1b	d__Bacteria; p__Planctomycetota; c__SPG12-343-353-B69; o__SPG12-343-353-B69; f__SPG12-343-353-B69; g__SPG12-343-353-B69; s__uncultured_bacterium	0.9999999736849365
af0f72e0d55df4edf8fe8d0361b37adf	d__Bacteria; p__Planctomycetota; c__Phycisphaerae; o__MSBL9; f__SG8-4; g__SG8-4; s__uncultured_bacterium	0.9639883499941129
b54144c0df7ad14003b7b4da78df6e54	d__Bacteria; p__Chloroflexi; c__Anaerolineae; o__Anaerolineales; f__Anaerolineaceae; g__Pelolinea; s__uncultured_bacterium	0.9596224983731182
9cb1f596122338cda230d63583f16d52	d__Bacteria; p__Desulfobacterota; c__Desulfobulbia; o__Desulfobulbales; f__Desulfobulbaceae; g__uncultured	0.9999027375683558
8ce78dd5254cec3769e792c4799c8900	d__Bacteria; p__Acidobacteriota; c__Aminicenantia; o__Aminicenantales; f__Aminicenantales; g__Aminicenantales; s__unidentified_marine	0.9994574169269366
0160e2cc2dbabc2e9431e69aa607d31a	d__Bacteria; p__Proteobacteria; c__Gammaproteobacteria; o__Pseudomonadales; f__Marinobacteraceae; g__Marinobacter	0.999974555612427
8058f53ec1a91c43240c09ce9baf759b	d__Bacteria; p__Cyanobacteria; c__Cyanobacteriia; o__Chloroplast; f__Chloroplast; g__Chloroplast; s__uncultured_marine	0.8151156273425992
15beb79ded5903e221b5e7e2ad22b2ea	d__Bacteria; p__Latescibacterota; c__Latescibacteria; o__Latescibacterales; f__Latescibacteraceae; g__Latescibacteraceae; s__uncultured_bacterium	0.996592345973175
f8ba31f48375017fc70823f4371e7ae3	d__Bacteria; p__Proteobacteria; c__Alphaproteobacteria; o__Sphingomonadales; f__Sphingomonadaceae; g__Erythrobacter	0.7062276290678167
0539d47cdd1878846a3b0a1383ac10bb	d__Bacteria; p__Chloroflexi; c__Anaerolineae; o__SBR1031	0.909869496096671
2157ad894897885fc0c2e21010dd6fe8	d__Bacteria; p__Actinobacteriota; c__MB-A2-108; o__MB-A2-108; f__MB-A2-108; g__MB-A2-108; s__uncultured_Firmicutes	0.7455805969272186
c8c04528e1d667bb417b3b51afb893e7	d__Bacteria; p__Proteobacteria; c__Gammaproteobacteria; o__Salinisphaerales; f__Salinisphaeraceae; g__Salinisphaera	0.9939163920635892
1918b0c37c498acd4fb81e08012fdba6	d__Bacteria; p__Dependentiae; c__Babeliae; o__Babeliales; f__Babeliales; g__Babeliales; s__uncultured_bacterium	0.7708891284888436
6bf415e93de36a07330038a404c3049f	d__Bacteria; p__Patescibacteria; c__Parcubacteria; o__Parcubacteria; f__Parcubacteria; g__Parcubacteria; s__uncultured_bacterium	0.7228747594245046
b0d57d979bff1c7a717c3879b24160cb	d__Bacteria; p__Chloroflexi; c__Dehalococcoidia; o__MSBL5; f__MSBL5; g__MSBL5	0.999769661835305
d5b237c569cc8ff9f157250ffc958a7b	d__Bacteria; p__Chloroflexi; c__Anaerolineae	0.9997741598724142
72b62ec526f978fa3406b60b030339da	d__Bacteria; p__Gemmatimonadota; c__BD2-11_terrestrial_group; o__BD2-11_terrestrial_group; f__BD2-11_terrestrial_group; g__BD2-11_terrestrial_group; s__Gemmatimonadetes_bacterium	0.9614621270285735
fd13271a675c9f20031d2e906d0913d3	d__Bacteria; p__Proteobacteria; c__Gammaproteobacteria; o__Enterobacterales; f__Colwelliaceae; g__Colwellia	0.9995988779784206
456a9c835e1c4ef9edb51bb83eede880	d__Bacteria; p__Patescibacteria; c__Parcubacteria	0.7339249135696746
d8d93ba495cdec6a9168c793224f0047	d__Bacteria; p__Campylobacterota; c__Campylobacteria; o__Campylobacterales; f__Sulfurovaceae; g__Sulfurovum	0.999927274940004
6ab9f42ec41d10502c1e694fc644faed	d__Bacteria; p__Proteobacteria; c__Gammaproteobacteria; o__Pseudomonadales; f__Halomonadaceae; g__Halomonas	0.9922277632817299
c980139022723f2df5f6393897528910	d__Bacteria; p__Proteobacteria; c__Gammaproteobacteria; o__Pseudomonadales; f__Pseudomonadaceae; g__Pseudomonas	0.9999998220878321
e20cffb38da5b10e8e895876dc1bbba5	d__Bacteria; p__Cyanobacteria; c__Vampirivibrionia; o__Obscuribacterales; f__Obscuribacteraceae; g__Candidatus_Obscuribacter; s__uncultured_bacterium	0.9836793848708623
09f4d2909134129e2cd8d80efb794fd7	d__Bacteria; p__Proteobacteria; c__Gammaproteobacteria; o__Pseudomonadales; f__Moraxellaceae; g__Psychrobacter	0.9999994392958275
9e27f4dc423367731fc00103509a7b95	d__Bacteria; p__Myxococcota; c__Polyangia; o__mle1-27; f__mle1-27; g__mle1-27	0.851126786685871
eab506c20d3430f7c1b1fd8f402ed1c1	d__Bacteria; p__Bacteroidota; c__Bacteroidia; o__Bacteroidales	0.7896548016076281
50bfd489c306001bd86192a25ae7fc26	d__Archaea; p__Halobacterota; c__Methanosarcinia; o__Methanosarciniales; f__Methanosarcinaceae; g__Methanococcoides; s__uncultured_Methanococcoides	0.9421185222655949
ec6ace9ca2972f1bed520567d022074a	d__Bacteria; p__Campylobacterota; c__Campylobacteria; o__Campylobacterales; f__Sulfurimonadaceae; g__Sulfurimonas	0.9998637769815508
d7fc026efa312e80ba59108021cefc11	d__Bacteria; p__Firmicutes; c__Clostridia; o__Lachnospirales; f__Lachnospiraceae	0.8736083265618884
558aa9d814779b21dcf2c12c140d5638	d__Bacteria; p__Marinimicrobia_(SAR406_clade); c__Marinimicrobia_(SAR406_clade); o__Marinimicrobia_(SAR406_clade); f__Marinimicrobia_(SAR406_clade); g__Marinimicrobia_(SAR406_clade); s__hydrothermal_vent	0.9270341370794799
17927d3fad49bf675152fc4023db0c18	d__Archaea; p__Halobacterota; c__Methanosarcinia; o__Methanosarciniales; f__ANME-2c; g__ANME-2c; s__uncultured_Methanosarcinales	0.8062947279954298
1e3bc8724e7e6bd7fb323cc295b1863e	d__Bacteria; p__Firmicutes; c__Clostridia; o__Peptostreptococcales-Tissierellales; f__GoM-GC232-4463-Bac1; g__GoM-GC232-4463-Bac1	0.9959499797865161
37ca2d8c9b2118e96197ec0104ff34de	d__Bacteria; p__Acidobacteriota; c__Aminicenantia; o__Aminicenantales; f__Aminicenantales; g__Aminicenantales; s__uncultured_bacterium	0.7759299036615465
e52bb3db6da2be655fee3c97762191a1	d__Bacteria; p__Actinobacteriota; c__WCHB1-81; o__WCHB1-81; f__WCHB1-81; g__WCHB1-81; s__uncultured_organism	0.7610229551556777
fc9ae3ce7f53f341da42fa33710e4046	d__Bacteria; p__Actinobacteriota; c__Actinobacteria; o__Corynebacteriales; f__Dietziaceae; g__Dietzia	0.9976204309859206
77425c731842e111d4a8e7e309fb5ce2	d__Bacteria; p__Actinobacteriota; c__Actinobacteria; o__Corynebacteriales; f__Dietziaceae; g__Dietzia	0.9215655313687637
fc751f450bdff1aa692009f8424bece9	d__Bacteria; p__Patescibacteria; c__ABY1; o__Candidatus_Falkowbacteria; f__Candidatus_Falkowbacteria; g__Candidatus_Falkowbacteria	0.9993962469873618
99251baea70a95f5ade00dbc13f3ee28	d__Bacteria; p__Actinobacteriota; c__Rubrobacteria; o__Rubrobacterales; f__Rubrobacteriaceae; g__Rubrobacter	0.9580314688378389
8ed5bbc63594837bcb1796e2a57fcc09	d__Bacteria; p__Firmicutes; c__Bacilli; o__Bacillales; f__Bacillaceae	0.8264680514340964
48a467d139faa19d26e08b0acf00a324	d__Bacteria; p__Firmicutes; c__Clostridia; o__Lachnospirales; f__Lachnospiraceae	0.9974050409476669
b8876a7c3ffd0b5478cf5c8c6d454bbc	d__Bacteria; p__Proteobacteria; c__Alphaproteobacteria; o__Rhodobacterales; f__Rhodobacteraceae; g__Brevirhabdus; s__Brevirhabdus_pacifica	0.7960435754753303
defe9847b80fbfe01d9735c3d31d5757	d__Bacteria; p__Actinobacteriota; c__Actinobacteria; o__Corynebacteriales; f__Dietziaceae; g__Dietzia	0.9999574311668386
cb12f12c715d9e44b07fc30f62e8e614	d__Bacteria; p__Acidobacteriota; c__Aminicenantia; o__Aminicenantales; f__Aminicenantales; g__Aminicenantales; s__uncultured_bacterium	0.919992561867052
a7ed07ea272d309bcd474875e2ffd635	d__Bacteria; p__Acidobacteriota; c__Aminicenantia; o__Aminicenantales; f__Aminicenantales; g__Aminicenantales; s__uncultured_bacterium	0.7147004355909944
144326370a40573df1cfbedc1c64bfe5	d__Bacteria; p__Latescibacterota; c__Latescibacteria; o__Latescibacterales; f__Latescibacteraceae; g__Latescibacteraceae; s__uncultured_bacterium	0.9834452828707234
068048d6fca027ca7f16ab07ec153986	d__Bacteria; p__Actinobacteriota; c__Actinobacteria; o__Corynebacteriales; f__Mycobacteriaceae; g__Mycobacterium	0.9983840543406917
58459d3145297bdc5e6dbcc93d4b2a20	d__Bacteria; p__Firmicutes; c__Bacilli; o__Bacillales; f__Bacillaceae; g__Bacillus	0.9995052278203875
55a1220efff29177fe8b2ba87dd92aa9	d__Bacteria; p__Chloroflexi; c__Anaerolineae; o__SBR1031; f__SBR1031; g__SBR1031; s__uncultured_organism	0.8639693377314694
710cb5b72642cf6b04c2ca3f785c58d5	d__Bacteria; p__Chloroflexi; c__Dehalococcoidia	0.9999945230205468
a4dc3288b99ebbeacf5b9cb22e0a3035	d__Bacteria; p__Proteobacteria; c__Gammaproteobacteria; o__Pseudomonadales; f__Halomonadaceae; g__Halomonas	0.9999552736674411
c5b6d7a3d20a5750f4b7f7b2b016e809	d__Bacteria; p__Firmicutes; c__Bacilli; o__Bacillales; f__Bacillaceae; g__Bacillus	0.992325469119509
665813ba2a5e583408b54d299e36edd5	d__Bacteria; p__Proteobacteria; c__Gammaproteobacteria; o__Pseudomonadales; f__Marinobacteraceae; g__Marinobacter	0.9999992425647533
222d06714116b72abe9ab65213a45ea4	d__Bacteria; p__Actinobacteriota; c__Actinobacteria; o__Propionibacteriales; f__Nocardioidaceae; g__Nocardioides	0.9910434094194522
e91d9b2b54518e4c712d70e74b5526cb	d__Bacteria; p__Nitrospinota; c__Nitrospinia; o__Nitrospinales; f__Nitrospinaceae; g__Nitrospina	0.9999948621914079
76e702599c263b8cb3368d2f7853b32e	d__Bacteria; p__Actinobacteriota; c__Actinobacteria; o__Pseudonocardiales; f__Pseudonocardiaceae; g__Saccharopolyspora	0.9208102951578961
11c6a82b05959b456053a75bcce6e670	d__Bacteria; p__Actinobacteriota; c__Actinobacteria; o__Pseudonocardiales; f__Pseudonocardiaceae; g__Saccharopolyspora	0.9989712209829337
2d4cd746c95617f93fadd800be02bee7	d__Bacteria; p__Actinobacteriota; c__Actinobacteria; o__Micrococcales; f__Intrasporangiaceae	0.9365214500206648
166349e15c7b9820906341a974b25f39	d__Bacteria; p__Proteobacteria; c__Alphaproteobacteria; o__Sphingomonadales; f__Sphingomonadaceae	0.9994453326547588
992bfa7b442081c0b598f7ae197a8ad1	d__Bacteria; p__Armatimonadota; c__uncultured; o__uncultured; f__uncultured; g__uncultured; s__uncultured_bacterium	0.7752334120915061
f6261d2f76523a8c8361c91e29c7c69e	d__Bacteria; p__Proteobacteria; c__Gammaproteobacteria; o__Pseudomonadales; f__Alcanivoracaceae1; g__Alcanivorax	0.9996251347766503
c69641b9b7b866b9d941676dde0616c2	d__Bacteria; p__Actinobacteriota; c__Actinobacteria; o__Propionibacteriales; f__Nocardioidaceae; g__Nocardioides	0.9926430887415861
1a2201a1419cad03a57d3d1439c30a25	d__Bacteria; p__NKB15; c__NKB15; o__NKB15; f__NKB15; g__NKB15; s__uncultured_bacterium	0.9998849738973132
51bb72db7616c5cc57c9466bdad1eac2	d__Bacteria; p__Patescibacteria; c__Parcubacteria; o__Paceibacterales; f__Paceibacteraceae; g__Candidatus_Paceibacter; s__uncultured_bacterium	0.9933369703218343
d5562c4bf38f535d2be43e1dc1a15560	d__Bacteria; p__Bacteroidota; c__Bacteroidia; o__Flavobacteriales; f__NS9_marine_group; g__NS9_marine_group	0.9999974291956265
9d0a41fe60fdd78f87987606683806d0	d__Bacteria; p__Proteobacteria; c__Gammaproteobacteria; o__Pseudomonadales; f__Marinobacteraceae; g__Marinobacter	0.999996144987967
0b6abaabb35c9f7a386fb5749de80dfb	d__Bacteria; p__Proteobacteria; c__Alphaproteobacteria; o__Rhodobacterales; f__Rhodobacteraceae; g__Paracoccus	0.8428879867107184
648784b0e2780c04349c76cf09746451	d__Bacteria; p__SAR324_clade(Marine_group_B); c__SAR324_clade(Marine_group_B); o__SAR324_clade(Marine_group_B); f__SAR324_clade(Marine_group_B); g__SAR324_clade(Marine_group_B); s__uncultured_SAR324	0.796712203812639
6a36051484f948777b9d4f3442e74942	d__Bacteria; p__Proteobacteria; c__Gammaproteobacteria; o__Pseudomonadales; f__Thioglobaceae; g__SUP05_cluster	0.9862229638133584
cb6b3c4a1d1650ad7113017c5326cbbc	d__Bacteria; p__Patescibacteria; c__Microgenomatia; o__Candidatus_Woesebacteria; f__Candidatus_Woesebacteria; g__Candidatus_Woesebacteria; s__uncultured_bacterium	0.9696226556689563
dcf4f20082b910be01cee3c4e7e292f9	d__Bacteria; p__Actinobacteriota; c__Actinobacteria; o__Pseudonocardiales; f__Pseudonocardiaceae; g__Saccharopolyspora	0.976507031018575
51ed543f6643217da68819335b4c8d97	d__Bacteria; p__Proteobacteria; c__Alphaproteobacteria; o__Rhodospirillales; f__Terasakiellaceae; g__Terasakiella; s__Terasakiella_pusilla	0.9927312239086088
d9890c441c7dfb85d1c3286b993a6139	d__Bacteria; p__Actinobacteriota; c__Actinobacteria; o__Corynebacteriales; f__Dietziaceae; g__Dietzia	0.945352355098919
72e0cfc6c79c2fc60960aa25f93160e4	d__Bacteria; p__Firmicutes; c__Bacilli; o__Bacillales; f__Bacillaceae; g__Bacillus	0.9718663790412037
d7c99549168aad7236e1a4927c846a90	d__Bacteria; p__Chloroflexi; c__Anaerolineae; o__Anaerolineales; f__Anaerolineaceae; g__Longilinea; s__uncultured_bacterium	0.7947634282108208
45377cc550bae3dfb1a0f23fa1ee4a7f	d__Bacteria; p__Bacteroidota; c__Bacteroidia; o__Flavobacteriales; f__Flavobacteriaceae; g__NS5_marine_group	0.996613777605012
7eeb27af7ad2ea4683b7b0dbfbc57f8c	d__Bacteria; p__Proteobacteria; c__Gammaproteobacteria; o__Pseudomonadales; f__Marinobacteraceae; g__Marinobacter	0.9999990636085303
47e092519e5a36f5fb3a165b6de0c3d9	d__Bacteria; p__Proteobacteria; c__Gammaproteobacteria; o__Pseudomonadales; f__Halomonadaceae; g__Halomonas; s__Halomonas_zincidurans	0.9088307489564794
512c5b498b05162ffdbc6c55626a2dc9	d__Bacteria; p__Chloroflexi; c__Anaerolineae; o__Anaerolineales; f__Anaerolineaceae; g__uncultured	0.9979889429759561
efb1655f22e4415b7e302d85721a2430	d__Bacteria; p__Planctomycetota; c__Phycisphaerae; o__MSBL9; f__SG8-4; g__SG8-4	0.9999983110448002
45b3eb941073aa70c46b92412d8d7e48	d__Bacteria; p__Planctomycetota; c__Planctomycetes; o__Pirellulales; f__Pirellulaceae; g__Rhodopirellula	0.8145687952861991
2820e30e145ae87db34339c6d4c7ccaa	d__Bacteria; p__Calditrichota; c__Calditrichia; o__Calditrichales; f__Calditrichaceae; g__SM23-31; s__uncultured_bacterium	0.9999171052174398
e8bb5a3c8f381080739f0dd4b7fa0076	d__Bacteria; p__Proteobacteria; c__Gammaproteobacteria; o__Pseudomonadales; f__Marinobacteraceae; g__Marinobacter; s__Marinobacter_hydrocarbonoclasticus	0.7847026151324163
1b69f0a7e7ff4c9705f9dd6c806dcf37	d__Bacteria; p__Chloroflexi; c__Anaerolineae; o__Anaerolineales; f__Anaerolineaceae; g__uncultured; s__uncultured_hydrocarbon	0.806906474709836
9fdd7ee06f7ef785d8439ded242effbf	d__Bacteria; p__Actinobacteriota; c__Actinobacteria; o__Micrococcales; f__Micrococcaceae; g__Kocuria	0.7152772118678374
a32d49ce029d845c5d92deae16662e04	d__Bacteria; p__Proteobacteria; c__Alphaproteobacteria; o__Rhizobiales	0.9017009544531657
2445de41034d0c2f7284d4f21956bd92	d__Bacteria; p__Firmicutes; c__Bacilli; o__Bacillales; f__Bacillaceae; g__Bacillus	0.9932521450756285
8281824dead07efbefd693d7cc842516	d__Bacteria; p__Actinobacteriota; c__Actinobacteria; o__Micrococcales; f__Cellulomonadaceae; g__Cellulomonas	0.7782100357527394
696bced4e5b49b28a4cfe83e9e816285	d__Bacteria; p__Actinobacteriota; c__Actinobacteria; o__Corynebacteriales; f__Dietziaceae; g__Dietzia	0.7823301064033014
8b965ad3ade4b1d1eff8764a84497b76	d__Bacteria; p__Actinobacteriota; c__Actinobacteria; o__Corynebacteriales; f__Dietziaceae; g__Dietzia	0.9919073166885265
55bb3b32a9876cb74d1f1391117b358d	d__Bacteria; p__Firmicutes; c__Bacilli; o__Exiguobacterales; f__Exiguobacteraceae; g__Exiguobacterium	0.9999992300407764
b8e8bf470afc2fd91c30bc2f0f5ddf78	d__Bacteria; p__Proteobacteria; c__Alphaproteobacteria; o__Rhodobacterales; f__Rhodobacteraceae; g__Paracoccus	0.9911218623001296
5024fadc537ac1011fe4311b59fae611	d__Bacteria; p__Actinobacteriota; c__Actinobacteria; o__Micrococcales	0.9999316409048854
c287faa3ad17fd10fe4f76307a1c2a9b	d__Bacteria; p__Proteobacteria; c__Alphaproteobacteria; o__Rhizobiales; f__Rhizobiaceae; g__Allorhizobium-Neorhizobium-Pararhizobium-Rhizobium	0.99628937534368
c796f4d517282f54b1d3563265fe6476	d__Bacteria; p__Actinobacteriota; c__Actinobacteria; o__Propionibacteriales; f__Nocardioidaceae; g__Nocardioides	0.9977384095482097
42c96d71dd087eb90e2bc392849742b9	d__Bacteria; p__Proteobacteria; c__Alphaproteobacteria; o__Rhizobiales; f__Rhizobiaceae	0.9079937086310736
2e8516b2a87670505df4cdde4bf92215	d__Bacteria; p__Proteobacteria; c__Gammaproteobacteria; o__Pseudomonadales; f__Marinobacteraceae; g__Marinobacter	0.9427008346953522
a0fb8b8fa7b79fceed5e77a8dc37cdf7	d__Bacteria; p__Chloroflexi; c__Dehalococcoidia; o__Sh765B-AG-111; f__Sh765B-AG-111; g__Sh765B-AG-111; s__uncultured_Chlorobi	0.7250788550221133
e5ab7265bde39634d8e02c7ee45e8cb2	d__Bacteria; p__Proteobacteria; c__Gammaproteobacteria; o__Pseudomonadales; f__Halomonadaceae; g__Halomonas	0.9728765231189821
5300f7e4bb21966305ed56ca651fb9a7	d__Bacteria; p__Chloroflexi; c__Dehalococcoidia	0.9999999673640815
03fd34d26daee75ac40d1ebd50bbfef3	d__Bacteria; p__Firmicutes; c__Clostridia; o__Peptostreptococcales-Tissierellales; f__Family_XI; g__Tissierella	0.7483266728703043
5442a23ec28bb99ac7078a9514c0d15a	d__Bacteria; p__Chloroflexi; c__OLB14; o__OLB14; f__OLB14; g__OLB14; s__uncultured_bacterium	0.8340084464024718
ede419a568327a3334b115894f7b493f	d__Bacteria; p__Chloroflexi; c__JG30-KF-CM66; o__JG30-KF-CM66; f__JG30-KF-CM66; g__JG30-KF-CM66; s__uncultured_bacterium	0.9475413209665551
544fb17966bb44662208b87f34ff38ae	d__Bacteria; p__Chloroflexi; c__Anaerolineae	0.9278254509830123
5a786b6baf8fdb7b1737ece0b91cf20e	d__Bacteria; p__Chloroflexi; c__Dehalococcoidia; o__MSBL5; f__MSBL5; g__MSBL5; s__uncultured_bacterium	0.9903426225428769
fb229ba3efee2d8126cbc50caa62eb6f	d__Archaea; p__Asgardarchaeota; c__Lokiarchaeia; o__Lokiarchaeia; f__Lokiarchaeia; g__Lokiarchaeia; s__uncultured_archaeon	0.9598392957318682
748d8a5310a84f63151496e914302f6e	d__Bacteria; p__Proteobacteria; c__Gammaproteobacteria; o__Enterobacterales; f__Idiomarinaceae; g__Idiomarina; s__Idiomarina_baltica	0.8391876661325914
39b35ebff126a91daf0456a42ed688b2	d__Bacteria; p__Spirochaetota; c__Spirochaetia; o__Spirochaetales; f__Spirochaetaceae; g__Spirochaeta; s__uncultured_bacterium	0.8966144076195304
13fe3e2825c66d71f37d10f5343dfeba	d__Bacteria; p__Chloroflexi	0.813177315321251
6e7d9143746d48274723cbbfe27d5ae1	d__Bacteria; p__Patescibacteria; c__Parcubacteria; o__Parcubacteria; f__Parcubacteria; g__Parcubacteria; s__uncultured_bacterium	0.9817724613320828
9d5c383faf78cc7227af765a85351f1c	d__Bacteria; p__Actinobacteriota; c__Actinobacteria; o__Propionibacteriales; f__Nocardioidaceae; g__Nocardioides	0.9947933594629551
5a1cffaff09103b6906f8c76808150b3	d__Bacteria; p__Proteobacteria; c__Gammaproteobacteria; o__Steroidobacterales; f__Woeseiaceae; g__Woeseia	0.8679287873368218
a152a500efef1e73dcd89f9e80063335	d__Bacteria; p__Proteobacteria; c__Alphaproteobacteria; o__Reyranellales; f__Reyranellaceae; g__Reyranella	0.7052086158030276
b9af1b66e70a7e353f740df5358f4d6e	d__Bacteria; p__Bdellovibrionota; c__Bdellovibrionia; o__Bacteriovoracales; f__Bacteriovoracaceae	0.9999538345360212
cb2c1601992c94eddab220a02d1596b3	d__Bacteria; p__Bacteroidota; c__Bacteroidia; o__Bacteroidales; f__Prevotellaceae; g__Prevotellaceae_UCG-001; s__uncultured_bacterium	0.8815720138562578
16c4ccf079945fee138393f45e4bd8a1	d__Bacteria; p__Actinobacteriota; c__Actinobacteria; o__Corynebacteriales; f__Dietziaceae; g__Dietzia	0.9100836182208533
c00c2db8822862f921c5a27ee15cc080	d__Bacteria; p__Planctomycetota; c__Phycisphaerae; o__Phycisphaerales; f__AKAU3564_sediment_group; g__AKAU3564_sediment_group; s__uncultured_organism	0.9113907782089091
a2da61d809db844facbd5f345a0285e1	d__Bacteria; p__Planctomycetota	0.9920808620916675
6d083730aae85747322f6ddc6a2fa1f5	d__Bacteria; p__WOR-1; c__WOR-1; o__WOR-1; f__WOR-1; g__WOR-1; s__uncultured_bacterium	0.9976859427980707
0d9955c24eb207ea78e0b097a695bb95	d__Bacteria	0.9999670249226148
47f74d394145091b766d94f76fd7c44c	d__Bacteria; p__Actinobacteriota; c__Actinobacteria; o__Micrococcales; f__Micrococcaceae; g__Arthrobacter	0.7583960832139996
95324b2295499419c61fd00267548972	d__Bacteria; p__Patescibacteria; c__Microgenomatia; o__Candidatus_Pacebacteria; f__Candidatus_Pacebacteria; g__Candidatus_Pacebacteria; s__uncultured_bacterium	0.9996295096659472
4fc8bc22e1682c05edac6a67c3185635	d__Bacteria; p__Proteobacteria; c__Gammaproteobacteria; o__AT-s2-59; f__AT-s2-59; g__AT-s2-59	0.8828884206182637
3b480540bdfe01dfd6a419eff5dcc0a4	d__Bacteria; p__Verrucomicrobiota; c__Omnitrophia; o__Omnitrophales; f__Omnitrophaceae; g__Candidatus_Omnitrophus; s__uncultured_bacterium	0.9816175403614302
255cc12519fd86e6d378d93b650b008c	d__Bacteria; p__Proteobacteria; c__Gammaproteobacteria; o__Thiomicrospirales; f__Thiomicrospiraceae; g__Thiomicrospira	0.7198695830987729
86ede84dedf0d8c58451a86d257b5d6b	d__Bacteria; p__Chloroflexi; c__Dehalococcoidia; o__MSBL5; f__MSBL5; g__MSBL5; s__uncultured_bacterium	0.8679593614731608
e623108f72cc00e1710775d83f328c8c	d__Bacteria; p__Actinobacteriota; c__Actinobacteria; o__Micrococcales; f__Micrococcaceae; g__Arthrobacter	0.766364549618315
107df65ce8fc0ead500c64a93d8f6b05	d__Bacteria; p__Actinobacteriota; c__Rubrobacteria; o__Rubrobacterales; f__Rubrobacteriaceae; g__Rubrobacter; s__uncultured_Actinomycetales	0.9377986533118184
3ac0ce66692f0cccf6cc8906814e1855	d__Bacteria; p__Actinobacteriota; c__Actinobacteria; o__Corynebacteriales; f__Dietziaceae; g__Dietzia	0.923112478091155
83e1ab345ce56b868994343521a2f0c4	d__Bacteria; p__Verrucomicrobiota; c__Verrucomicrobiae; o__Verrucomicrobiales; f__Akkermansiaceae; g__Akkermansia; s__uncultured_bacterium	0.7693946892576077
4d041f0f31745f20c1a46a187df79a50	d__Bacteria; p__Marinimicrobia_(SAR406_clade); c__Marinimicrobia_(SAR406_clade); o__Marinimicrobia_(SAR406_clade); f__Marinimicrobia_(SAR406_clade); g__Marinimicrobia_(SAR406_clade)	0.999997008460958
f1b53cffe659995f9b118d7f3bb41034	d__Bacteria; p__Proteobacteria; c__Gammaproteobacteria; o__Pseudomonadales; f__Alcanivoracaceae1; g__Alcanivorax	0.9986545822198221
eeefd0e10a660deab29fda80c4b62e6e	d__Bacteria; p__Bacteroidota; c__Bacteroidia; o__Flavobacteriales; f__Flavobacteriaceae; g__Flavobacteriaceae; s__uncultured_Bacteroidetes	0.8771137192368104
efbec73b4f1202a586f808c8ad8865b2	d__Bacteria; p__Firmicutes; c__Clostridia; o__Lachnospirales; f__Lachnospiraceae	0.9991161228321955
6d3c8fe39c2940e0f1df89ce403ec96d	d__Archaea; p__Nanoarchaeota; c__Nanoarchaeia; o__Woesearchaeales; f__Woesearchaeales; g__Woesearchaeales; s__uncultured_archaeon	0.7389815387151535
6483433d829cda5783c3a5c00b1596c6	d__Archaea; p__Thermoplasmatota; c__Thermoplasmata; o__SG8-5; f__SG8-5; g__SG8-5; s__uncultured_archaeon	0.9997863256624553
cd726fb70a18a615e70bfa936391f6b8	d__Archaea; p__Halobacterota; c__Methanosarcinia; o__Methanosarciniales; f__Methanosarcinaceae; g__Methanimicrococcus; s__uncultured_euryarchaeote	0.9672078654850759
eecdddc63dfc6714d7c88759e2899dc5	d__Bacteria; p__Proteobacteria; c__Alphaproteobacteria; o__Sphingomonadales; f__Sphingomonadaceae	0.7706664391976998
d4aa3735651d94ed264362b58d6b5515	d__Archaea; p__Crenarchaeota; c__Bathyarchaeia; o__Bathyarchaeia; f__Bathyarchaeia; g__Bathyarchaeia; s__uncultured_archaeon	0.7890103693693357
9774bc1c851d0a5b1ad9f4da96a5ab4f	d__Bacteria; p__Proteobacteria; c__Gammaproteobacteria; o__B2M28; f__B2M28; g__B2M28	0.9999710428996499
63d23377294960b6aae6f89b2285d327	d__Bacteria; p__SAR324_clade(Marine_group_B); c__SAR324_clade(Marine_group_B); o__SAR324_clade(Marine_group_B); f__SAR324_clade(Marine_group_B); g__SAR324_clade(Marine_group_B); s__uncultured_SAR324	0.761937777803839
5eee1b464d492e147083ed076caf6c1e	d__Bacteria; p__Campylobacterota; c__Campylobacteria; o__Campylobacterales; f__Sulfurimonadaceae; g__Sulfurimonas	0.9999964240247232
2c526ad2c15fb5d31c566d2a309896a8	d__Bacteria; p__Actinobacteriota; c__Acidimicrobiia; o__uncultured; f__uncultured; g__uncultured; s__metagenome	0.9493648114052877
1a572a7fb8edcf5c0130d7150f940182	d__Bacteria; p__Proteobacteria; c__Gammaproteobacteria; o__Enterobacterales; f__Pseudoalteromonadaceae; g__Pseudoalteromonas	0.9895917461759394
422fe40fa108a3809793a7bdbd20cda1	d__Bacteria; p__Planctomycetota; c__Phycisphaerae; o__CCM11a; f__CCM11a; g__CCM11a; s__uncultured_bacterium	0.9159204457487029
525dcfbd765c293a39088946a60c21ef	d__Bacteria; p__Firmicutes; c__Bacilli; o__Bacillales; f__Bacillaceae; g__Bacillus	0.9945963633990169
b6478240ba3334796dfda47f230e54cb	d__Bacteria; p__Desulfobacterota; c__Desulfobacteria; o__Desulfobacterales; f__Desulfosarcinaceae; g__SEEP-SRB1; s__uncultured_bacterium	0.7053971596564325
f147ee19ae7893d50675c30fc542602c	d__Bacteria; p__Proteobacteria; c__Alphaproteobacteria	0.9999753790476871
3fc4a1cba0024cd7083b372efe6d9a20	d__Bacteria; p__Proteobacteria; c__Gammaproteobacteria; o__Ectothiorhodospirales; f__Ectothiorhodospiraceae; g__Thiogranum	0.8796418370980362
d24fae526c0906537cfc55a61a7aaa8e	d__Bacteria; p__Proteobacteria; c__Alphaproteobacteria; o__Rhodobacterales; f__Rhodobacteraceae	0.9999657133054849
20e0df5066b13531264344fc4da9d155	d__Bacteria; p__Proteobacteria; c__Gammaproteobacteria; o__Pseudomonadales	0.9997771203716996
20d2988e5dfd05b25e0255468bf95c0a	d__Bacteria; p__Actinobacteriota; c__Actinobacteria; o__Micrococcales	0.9899366970303364
2c35b9f360b433ce2013d7d8bfb3a5a9	d__Archaea; p__Altiarchaeota; c__Altiarchaeia; o__Altiarchaeales; f__Altiarchaeaceae; g__Candidatus_Altiarchaeum; s__uncultured_euryarchaeote	0.8029121563310092
4ae9788bee8e25fa33ef3fcf7a26a122	d__Bacteria; p__Proteobacteria; c__Gammaproteobacteria; o__Thiomicrospirales; f__Thiomicrospiraceae; g__Thiomicrospira; s__Thiomicrospira_thyasirae	0.7056345095264942
8bbdb8583ad5b9b498c3866761757dcf	d__Bacteria; p__Actinobacteriota; c__Rubrobacteria; o__Rubrobacterales; f__Rubrobacteriaceae; g__Rubrobacter; s__uncultured_bacterium	0.9154213090181422
8f184d04398ac6517fbf1a24140ed3ad	d__Bacteria; p__Proteobacteria; c__Alphaproteobacteria; o__Rhizobiales	0.7367623403563703
30301fff1f054af976a28ad58126de73	d__Bacteria; p__Gemmatimonadota; c__Gemmatimonadetes; o__Gemmatimonadales; f__Gemmatimonadaceae; g__uncultured	0.999843904108394
c6916942b9894664be06982f7d70aed7	d__Bacteria; p__Actinobacteriota; c__Actinobacteria; o__Corynebacteriales; f__Dietziaceae; g__Dietzia	0.915722753577319
829ac46318fa42f5044b07dc1f258e14	d__Bacteria; p__Actinobacteriota; c__Actinobacteria	0.9950568737749799
c1a184eca9c9ad13faff4d4c48aa1054	d__Bacteria; p__Proteobacteria; c__Alphaproteobacteria; o__Rhizobiales; f__Xanthobacteraceae; g__Rhodopseudomonas	0.9807788325835969
29402c50dbdcc448df53356efcb1308a	d__Bacteria; p__Proteobacteria; c__Gammaproteobacteria; o__Pseudomonadales; f__Pseudomonadaceae; g__Pseudomonas	0.9944795609235921
48e1499f3914e5c34e029a3aba50f341	d__Bacteria; p__Actinobacteriota; c__Actinobacteria; o__Micromonosporales; f__Micromonosporaceae; g__uncultured; s__uncultured_actinobacterium	0.8983512310508435
29b25e4856219919f54b9120e7a0d274	d__Bacteria; p__Chloroflexi; c__Chloroflexia; o__Thermomicrobiales; f__JG30-KF-CM45; g__JG30-KF-CM45; s__uncultured_bacterium	0.9451687305440032
7ded7e9690bbae2f8748d69968f65050	d__Bacteria; p__Bacteroidota; c__Bacteroidia; o__Bacteroidales; f__Prevotellaceae; g__Alloprevotella; s__uncultured_bacterium	0.7815918478555461
d569d8c71a4fdbee8dc84f448814c2b9	d__Bacteria; p__Proteobacteria; c__Gammaproteobacteria; o__Enterobacterales; f__Idiomarinaceae; g__Idiomarina; s__Pseudidiomarina_marina	0.9479738055186453
d4d471def5711c2905514ec14c98aecb	d__Bacteria; p__Firmicutes; c__Bacilli; o__Bacillales; f__Planococcaceae	0.9782529489851512
e1fa3c566f266c1e2fcd119b220aed5c	d__Bacteria; p__SAR324_clade(Marine_group_B); c__SAR324_clade(Marine_group_B); o__SAR324_clade(Marine_group_B); f__SAR324_clade(Marine_group_B); g__SAR324_clade(Marine_group_B)	0.9999999760799971
3df481405bcf43314309ed4293e47fbf	d__Bacteria	0.9999509132721359
ff8be1850c639df1fe3a53fdb3183373	d__Bacteria	0.9999979733472604
46dbcdd24e1c98dfbc798937da965203	d__Bacteria; p__Bacteroidota; c__Ignavibacteria; o__Ignavibacteriales; f__Melioribacteraceae; g__IheB3-7; s__uncultured_bacterium	0.9032833056266433
2c163b940979833888850b7c10092615	d__Bacteria; p__Chloroflexi; c__Dehalococcoidia; o__t0.6.f; f__t0.6.f; g__t0.6.f; s__uncultured_bacterium	0.9891658668160961
eb4636db4f4cb18fa34b74dbfeedf76b	d__Bacteria; p__Chloroflexi; c__Anaerolineae; o__Anaerolineales; f__Anaerolineaceae; g__Pelolinea; s__uncultured_bacterium	0.9125623751755025
6998b964f53c4d1dffd7469cfca539cd	d__Bacteria; p__Proteobacteria; c__Alphaproteobacteria; o__Rhizobiales; f__Rhizobiaceae; g__Allorhizobium-Neorhizobium-Pararhizobium-Rhizobium	0.7191978250079556
f45b190b2fe9fea5f157ab5ef839e266	d__Bacteria; p__Bacteroidota; c__Bacteroidia; o__Bacteroidales; f__Muribaculaceae; g__Muribaculaceae; s__uncultured_bacterium	0.8218430072991573
a8189386795ad8a36ab540327171433f	d__Bacteria; p__Proteobacteria; c__Gammaproteobacteria; o__Pseudomonadales; f__Marinobacteraceae; g__Marinobacter; s__Marinobacter_algicola	0.9043236023107583
2b830659bcd46fc74dff62979cd6c7c5	d__Bacteria; p__Campylobacterota; c__Campylobacteria; o__Campylobacterales; f__Sulfurovaceae; g__Sulfurovum	0.9999363679092604
02d647b55fdae32a511eacf1b1ca773d	d__Bacteria; p__Firmicutes; c__Clostridia; o__Lachnospirales; f__Lachnospiraceae	0.998358047646289
3406f28bcc50b42fd0a04aacae8270a1	d__Bacteria; p__Sumerlaeota; c__Sumerlaeia; o__uncultured; f__uncultured; g__uncultured; s__uncultured_bacterium	0.8292842136540572
52b45e528b51b578218f6e82172e5f91	d__Bacteria; p__Desulfobacterota; c__Desulfobacteria; o__Desulfobacterales; f__Desulfosarcinaceae; g__SEEP-SRB1	0.867401155203152
917b6c017617e51ba94a9abfafb735dc	d__Bacteria; p__Chloroflexi; c__Anaerolineae; o__Anaerolineales; f__Anaerolineaceae; g__uncultured; s__uncultured_organism	0.9904197651694109
33d260c1257b9806f23928afb51aa477	d__Bacteria; p__Proteobacteria; c__Gammaproteobacteria; o__Pseudomonadales; f__Saccharospirillaceae; g__Oceanobacter; s__uncultured_gamma	0.8919127706374604
fdf522d353605f196ba5de2619f20c52	d__Bacteria; p__Chloroflexi; c__Anaerolineae; o__Thermoflexales; f__Thermoflexaceae; g__Thermoflexus; s__uncultured_bacterium	0.7449237412107015
5959f938d80db26fa28145e8761c0504	d__Bacteria; p__Proteobacteria; c__Gammaproteobacteria; o__Enterobacterales; f__Idiomarinaceae; g__Idiomarina	0.9989251368802982
212a3a80975ef5c8d965c25af3e0b9ad	d__Bacteria; p__Proteobacteria; c__Gammaproteobacteria; o__Enterobacterales; f__Enterobacteriaceae; g__Escherichia-Shigella	0.9140768295473475
913a2ab8c250213e35228d3a0b9a2426	d__Bacteria; p__Verrucomicrobiota; c__Omnitrophia; o__Omnitrophales; f__Omnitrophaceae; g__Candidatus_Omnitrophus; s__uncultured_bacterium	0.885059236108426
22ab9922476c1c4c80e2eaa28ef8b7ea	d__Bacteria; p__Bacteroidota; c__Bacteroidia; o__Bacteroidales; f__Marinifilaceae; g__Marinifilum	0.9999997389892484
102fe5d26e025f1de4c41a7a59074c97	d__Bacteria; p__Desulfobacterota; c__Desulfobacteria; o__Desulfobacterales; f__Desulfosarcinaceae; g__SEEP-SRB1	0.9316992253566109
b0395244d5e3d09c9626c2363d2182c2	d__Bacteria; p__Nitrospirota; c__Nitrospiria; o__Nitrospirales; f__Nitrospiraceae; g__Nitrospira	0.9999860702531597
eeeb30e7f63ca13bd0128386085806a1	d__Bacteria; p__Actinobacteriota; c__Actinobacteria; o__Pseudonocardiales; f__Pseudonocardiaceae; g__Saccharopolyspora	0.9988630473600584
85ce3edb59e73b8b18c8d33d68e434a4	d__Bacteria; p__Patescibacteria; c__Dojkabacteria; o__Dojkabacteria; f__Dojkabacteria; g__Dojkabacteria	0.9999963595134658
5da2c32f904d8c2e30be9c7f66b3e152	d__Bacteria; p__Proteobacteria; c__Alphaproteobacteria; o__Kiloniellales; f__Kiloniellaceae; g__uncultured; s__uncultured_organism	0.996840851023483
0a23c193d5403601e41860cf21e0582a	d__Bacteria; p__Firmicutes; c__Negativicutes; o__Veillonellales-Selenomonadales	0.7153757858086582
4c1e500de17289d6148113cab7e9566e	d__Bacteria; p__Chloroflexi; c__Anaerolineae; o__uncultured; f__uncultured; g__uncultured	0.8279391923933794
5b0ca26a14b42c7d0fdb2249054b551c	d__Bacteria; p__Actinobacteriota; c__Actinobacteria; o__Micrococcales; f__Microbacteriaceae; g__Agromyces	0.9977996611513429
f182436f2e467996ba7db36019420834	d__Bacteria; p__Actinobacteriota; c__Actinobacteria	0.9997755525321169
b19525fba60a0ea496e38c6e5459f0a8	d__Bacteria; p__Proteobacteria; c__Alphaproteobacteria; o__Caulobacterales; f__Caulobacteraceae	0.9399635908014984
aaec193bcff02fd5aaf946ebec962e59	d__Archaea; p__Halobacterota; c__Methanosarcinia; o__Methanosarciniales; f__Methanosarcinaceae	0.999999985357302
d8f2a1d66f59507691b08262d0488381	d__Bacteria; p__Firmicutes; c__Clostridia; o__Oscillospirales; f__Ruminococcaceae; g__Subdoligranulum	0.9865228690462261
6fb47edb3e214c454e2817cb3982fbe4	d__Bacteria; p__Chloroflexi; c__Anaerolineae; o__Anaerolineales; f__Anaerolineaceae; g__uncultured	0.9993072337799616
0696ad347d7a6fe28af5f44ec607abec	d__Bacteria; p__Actinobacteriota; c__Acidimicrobiia; o__Microtrichales; f__Microtrichaceae; g__Sva0996_marine_group	0.9884111187176788
9052f641a552275f5777f822b52f03d0	d__Bacteria; p__Latescibacterota; c__Latescibacteria; o__Latescibacterales; f__Latescibacteraceae; g__Latescibacteraceae; s__uncultured_bacterium	0.7246508287569613
cce1e65a67b89b53dc1d1ccbf4ed68ee	d__Bacteria; p__Proteobacteria; c__Alphaproteobacteria; o__Rhizobiales; f__Xanthobacteraceae; g__Bradyrhizobium	0.7175212268628431
71974e1c596fb6300726cdf2db3f9584	d__Bacteria; p__Actinobacteriota; c__Actinobacteria; o__Pseudonocardiales; f__Pseudonocardiaceae; g__Saccharopolyspora	0.9604357442086985
0200a3d1bde62ab07f25d885f1c9da07	d__Bacteria; p__Actinobacteriota; c__Actinobacteria; o__Corynebacteriales; f__Dietziaceae; g__Dietzia	0.8282604468082666
577544a35a738615c593b846ed06137d	d__Bacteria; p__Firmicutes; c__Bacilli; o__Bacillales; f__Bacillaceae; g__Bacillus	0.9686742630981132
318f576f1084f557e6395cf54e0d7092	d__Bacteria; p__Proteobacteria; c__Alphaproteobacteria; o__Kiloniellales; f__Kiloniellaceae; g__uncultured; s__bacterium_enrichment	0.8895102211623634
4dcadc35c422c619f9a8fce73e5921e4	d__Bacteria; p__Chloroflexi; c__Dehalococcoidia	0.9999986018601345
0baf47647598662c4c4e58d6224380c3	d__Bacteria; p__Firmicutes; c__Clostridia; o__Lachnospirales; f__Lachnospiraceae	0.9947713869884347
76041c6a4760dbba0cde09793573b752	d__Bacteria; p__Chloroflexi; c__Dehalococcoidia; o__SAR202_clade; f__SAR202_clade; g__SAR202_clade; s__hydrothermal_vent	0.8917257449683109
151e9640eb524d97c79ecf259e98af94	d__Bacteria; p__Desulfobacterota; c__Desulfobacteria; o__Desulfobacterales; f__Desulfosarcinaceae; g__SEEP-SRB1	0.9737637078010452
d3b089078522a86d791b35b35b340187	d__Bacteria; p__Latescibacterota; c__Latescibacterota; o__Latescibacterota; f__Latescibacterota; g__Latescibacterota; s__uncultured_organism	0.8832285924119888
a1e3ae235161255328e747eac4f47079	d__Bacteria; p__WS2; c__WS2; o__WS2; f__WS2; g__WS2	0.9993368459505656
95a78f7ac676a893146fe0d4c2efd92f	d__Bacteria; p__Desulfobacterota; c__Desulfobacteria; o__Desulfobacterales; f__Desulfosarcinaceae; g__SEEP-SRB1	0.9673988406251388
fda577de2a68e056c3b331302de4181c	d__Bacteria; p__Caldatribacteriota; c__JS1; o__JS1; f__JS1; g__JS1	0.9999999987733291
05831080485ea845e6895eb1135ff63f	d__Bacteria; p__Nitrospinota; c__Nitrospinia; o__Nitrospinales; f__Nitrospinaceae; g__Nitrospina	0.9999925559472388
305a04a63a40ae4f71ef6b56d78148ce	d__Bacteria; p__Patescibacteria; c__Parcubacteria; o__Candidatus_Moranbacteria; f__Candidatus_Moranbacteria; g__Candidatus_Moranbacteria; s__uncultured_organism	0.9992471022316266
7ce3d776488fa7810c4d511905864db8	d__Bacteria; p__Proteobacteria; c__Gammaproteobacteria; o__Pseudomonadales; f__Marinobacteraceae; g__Marinobacter	0.9999535759388184
ac6991419e98fe9dadba1939ba0e4e16	d__Bacteria; p__Actinobacteriota; c__Actinobacteria; o__Pseudonocardiales; f__Pseudonocardiaceae	0.9347713358036844
67e189822ecf429a2d10ed014da1d027	d__Bacteria; p__Actinobacteriota; c__Actinobacteria; o__Streptomycetales; f__Streptomycetaceae; g__Streptomyces	0.9999993325619904
64540a22ba1506c9418d350578412bd0	d__Bacteria; p__Planctomycetota; c__Planctomycetes; o__Gemmatales; f__Gemmataceae; g__uncultured	0.7648456131750357
385d681e1036b437edb63cd130a7328d	d__Bacteria; p__Proteobacteria; c__Alphaproteobacteria; o__Sphingomonadales; f__Sphingomonadaceae	0.9954638449516842
3b10076583a49a5758f2e88946276f96	d__Bacteria; p__Actinobacteriota; c__Acidimicrobiia; o__Actinomarinales; f__uncultured; g__uncultured; s__marine_metagenome	0.8775461734936425
a9686c2bac8070cdc5ba7705c7acec67	d__Bacteria; p__Proteobacteria; c__Gammaproteobacteria; o__HOC36; f__HOC36; g__HOC36	0.7588446327621112
56223269856f8e53659da12d4b385e4b	d__Bacteria; p__LCP-89; c__LCP-89; o__LCP-89; f__LCP-89; g__LCP-89; s__uncultured_bacterium	0.858806449928837
ccaa498b5bb24fa7115d622f3c3355ab	d__Bacteria; p__Actinobacteriota; c__Acidimicrobiia; o__Actinomarinales; f__uncultured; g__uncultured; s__uncultured_Actinomycetales	0.9323660907318926
e59aff3a457041f8593c0707af9b5235	d__Bacteria; p__Actinobacteriota; c__Actinobacteria; o__Corynebacteriales; f__Dietziaceae; g__Dietzia	0.9992536127081635
48f73d5d3180153af6d87d92d1c18664	d__Bacteria; p__Proteobacteria; c__Gammaproteobacteria; o__Pseudomonadales; f__Halomonadaceae; g__Halomonas	0.9946698003780785
c5b22edf6c6d4983d6059abe264d419e	d__Bacteria; p__Actinobacteriota; c__Actinobacteria; o__Pseudonocardiales; f__Pseudonocardiaceae; g__Saccharopolyspora	0.7948878131699565
9b8e930944c42452ebe9cba33ba2fde7	d__Bacteria; p__Firmicutes; c__Bacilli; o__Bacillales; f__Bacillaceae; g__Bacillus	0.8906038534861337
a7ffd9b461cd070cbf14acf824783911	d__Bacteria; p__Firmicutes; c__Bacilli; o__Bacillales; f__Bacillaceae; g__Bacillus	0.9693822248480959
63be39798e60b2e8bcb074befe003dcb	d__Bacteria; p__Actinobacteriota; c__Actinobacteria; o__Corynebacteriales	0.9406909866909486
f55fc93275bac39ebb1c2e51d2d5961b	d__Bacteria; p__Actinobacteriota; c__Actinobacteria; o__Corynebacteriales; f__Dietziaceae; g__Dietzia	0.7201942380185493
0fcd75d96c6ee5d65c014a15a5bbda09	d__Bacteria; p__Actinobacteriota; c__Actinobacteria; o__Micrococcales; f__Micrococcaceae; g__Pseudarthrobacter	0.884468531536669
33c9fbbdf19fb3c6f9df9ba6c35121e5	d__Bacteria; p__Acidobacteriota; c__Acidobacteriae; o__Solibacterales; f__Solibacteraceae; g__Candidatus_Solibacter	0.9946449841543712
ea02a1e5f4d5ad1ebf5b994ec38f8866	d__Bacteria; p__Actinobacteriota; c__Actinobacteria; o__Pseudonocardiales; f__Pseudonocardiaceae; g__Actinomycetospora	0.8373825229628798
59d52a2cbcad11faef7c82bc8003915b	d__Bacteria; p__TA06; c__TA06; o__TA06; f__TA06; g__TA06; s__uncultured_bacterium	0.9162537030763364
047b13e95c08d953a419f44ffb9145ae	d__Bacteria; p__Proteobacteria; c__Alphaproteobacteria; o__Sphingomonadales; f__Sphingomonadaceae	0.9997174496156227
f48dc1601c3aa656994468f8ebe86382	d__Bacteria; p__Actinobacteriota; c__Actinobacteria; o__Corynebacteriales	0.9999241718918253
b2c9a253338e40b51674e1d0aa8a1504	d__Bacteria; p__Proteobacteria; c__Alphaproteobacteria; o__Rhizobiales; f__Xanthobacteraceae; g__uncultured	0.9209092883565755
049146f71356ffdadd0b931d9f0dcdaf	d__Bacteria; p__Planctomycetota; c__Planctomycetes; o__Pirellulales; f__Pirellulaceae; g__Blastopirellula	0.9998045756314733
10bff974f645bd3ee52566aba9ebfd2c	d__Bacteria; p__Gemmatimonadota; c__Gemmatimonadetes; o__Gemmatimonadales; f__Gemmatimonadaceae; g__uncultured	0.7652454241140472
afc579f362f83b70cd76686b8b9529bb	d__Bacteria; p__Firmicutes; c__Clostridia	0.9947697625031587
e9d66bf98e472a2433e6d3976cdccaf5	d__Bacteria; p__Actinobacteriota; c__Actinobacteria; o__Micrococcales; f__Micrococcaceae; g__Arthrobacter	0.8918561126081253
28efd5f8aab8e408a0851253b8193b32	d__Bacteria; p__Bacteroidota; c__Bacteroidia; o__Bacteroidales	0.9942667196806442
65bad5604aa87f7fdf42978484cf3470	d__Bacteria; p__Actinobacteriota; c__Actinobacteria; o__Corynebacteriales; f__Dietziaceae; g__Dietzia	0.9803916941717778
9214a2ba3ae1c5c5f2ec73187db2a1fb	d__Bacteria; p__Myxococcota; c__Myxococcia; o__Myxococcales; f__Myxococcaceae; g__KD3-10; s__uncultured_bacterium	0.9430920248703822
4e8fb4bd337ef180a6e936ae1ae173d0	d__Bacteria; p__Proteobacteria; c__Gammaproteobacteria; o__Pseudomonadales; f__Nitrincolaceae; g__Marinobacterium	0.9999984904610619
72022766c43906d67337e2daae5de2ef	d__Bacteria; p__Acidobacteriota; c__Acidobacteriae; o__Acidobacteriales; f__Acidobacteriaceae_(Subgroup_1); g__uncultured	0.7191719152544545
5cf9c92c16a347ddd320625e95ee70a3	d__Bacteria; p__Proteobacteria; c__Alphaproteobacteria; o__Sphingomonadales; f__Sphingomonadaceae; g__Sphingobium	0.9751662287041666
bf675784ffca3cdc992f46dc20e85b9e	d__Bacteria; p__Proteobacteria; c__Gammaproteobacteria; o__Burkholderiales; f__SC-I-84; g__SC-I-84	0.9984998579983708
78c267eee73c48eb18dd79a572fb113f	d__Bacteria; p__Bacteroidota; c__Bacteroidia; o__Bacteroidales; f__Prevotellaceae; g__Prevotellaceae_NK3B31_group	0.8663714584716614
2fc09695101b03336e384aa55a6893cf	d__Bacteria; p__Chloroflexi; c__Anaerolineae; o__SJA-15; f__SJA-15; g__SJA-15; s__uncultured_bacterium	0.8393341063283956
43b3e13835d772d00f5212584a42b45a	d__Bacteria; p__Proteobacteria; c__Alphaproteobacteria; o__Rhizobiales; f__Rhizobiaceae; g__Pseudahrensia	0.8977393396691687
4c245dff32dfd3e6da757c45c208502f	d__Bacteria; p__Actinobacteriota; c__Actinobacteria; o__Corynebacteriales	0.9263648097819283
096ac2d7ce2ec35f96c3f61411f5254d	d__Bacteria; p__Patescibacteria; c__Microgenomatia; o__Candidatus_Woykebacteria; f__Candidatus_Woykebacteria; g__Candidatus_Woykebacteria; s__uncultured_bacterium	0.9977531930083646
2fa1a9c7710b37a68cb8b4ad50bec630	d__Bacteria; p__Proteobacteria; c__Alphaproteobacteria; o__Caulobacterales; f__Hyphomonadaceae; g__Maricaulis	0.9951887373255148
3402c52c8acdbd9701e26300a82a5fca	d__Bacteria; p__Actinobacteriota; c__Actinobacteria; o__Propionibacteriales; f__Nocardioidaceae; g__Nocardioides	0.9851925015306126
4e26178b2f06312fc23de53deaa35e85	d__Bacteria; p__Actinobacteriota; c__Actinobacteria	0.9999945518082108
90b1563de1275c843167b4db91c2823a	d__Bacteria; p__Actinobacteriota; c__Actinobacteria; o__Micrococcales; f__Intrasporangiaceae	0.9148979923497769
ed447cc4f02bb11051695996c72cdf6f	d__Bacteria; p__Actinobacteriota; c__Actinobacteria; o__Pseudonocardiales; f__Pseudonocardiaceae; g__Saccharopolyspora	0.9093937749392625
c222aa07c858b359dd5dcd071b883d53	d__Bacteria; p__Actinobacteriota; c__Actinobacteria; o__Propionibacteriales; f__Nocardioidaceae; g__Nocardioides	0.9982896377887887
ee9e26b1921119eecb87666d0c64200a	d__Bacteria; p__Actinobacteriota; c__Actinobacteria; o__Propionibacteriales; f__Nocardioidaceae; g__Nocardioides	0.9997258782961839
2e4d26cf351eb23a86c53ef47f8ff3ce	d__Bacteria; p__Actinobacteriota	0.9993160708049696
46daa80799a6f8762c542d0d76fe341c	d__Bacteria; p__Proteobacteria; c__Gammaproteobacteria; o__Pseudomonadales; f__Alcanivoracaceae1; g__Alcanivorax	0.9999976558831163
09e9d0e5e7792860d6d9011aaf8d481f	d__Bacteria; p__Actinobacteriota; c__Actinobacteria; o__Propionibacteriales; f__Nocardioidaceae; g__Nocardioides	0.9997997756669174
2a134f6256081a5179fa99036fa5c175	d__Bacteria; p__Firmicutes; c__Bacilli; o__Bacillales; f__Bacillaceae; g__Bacillus	0.9411306905009412
3478904583825c0f420507a69a101414	d__Bacteria; p__Proteobacteria; c__Gammaproteobacteria; o__Pseudomonadales; f__Marinobacteraceae; g__Marinobacter	0.9681298196055547
d4efb9f40231ed3ce01108170ae79ff5	d__Bacteria; p__Actinobacteriota; c__Actinobacteria; o__Propionibacteriales; f__Nocardioidaceae; g__Aeromicrobium	0.8601645594329266
bdb88febcbe59888095aa661023b8110	d__Bacteria; p__Firmicutes; c__Bacilli; o__Bacillales; f__Bacillaceae; g__Bacillus	0.8718344525739834
d7ce47c9e19a9e799e24bd2a98908e68	d__Bacteria; p__Actinobacteriota; c__Actinobacteria; o__Micrococcales; f__Microbacteriaceae; g__Microbacterium	0.7879569703048372
